-- phpMyAdmin SQL Dump
-- version 5.0.4
-- https://www.phpmyadmin.net/
--
-- Host: 127.0.0.1
-- Generation Time: Aug 03, 2021 at 12:00 AM
-- Server version: 10.4.17-MariaDB
-- PHP Version: 7.4.15

SET SQL_MODE = "NO_AUTO_VALUE_ON_ZERO";
START TRANSACTION;
SET time_zone = "+00:00";


/*!40101 SET @OLD_CHARACTER_SET_CLIENT=@@CHARACTER_SET_CLIENT */;
/*!40101 SET @OLD_CHARACTER_SET_RESULTS=@@CHARACTER_SET_RESULTS */;
/*!40101 SET @OLD_COLLATION_CONNECTION=@@COLLATION_CONNECTION */;
/*!40101 SET NAMES utf8mb4 */;

--
-- Database: `gnice`
--

-- --------------------------------------------------------

--
-- Table structure for table `banners`
--

CREATE TABLE `banners` (
  `id` int(11) NOT NULL,
  `title` varchar(50) NOT NULL,
  `status` tinyint(4) NOT NULL DEFAULT 0
) ENGINE=InnoDB DEFAULT CHARSET=utf8mb4;

--
-- Dumping data for table `banners`
--

INSERT INTO `banners` (`id`, `title`, `status`) VALUES
(1, 'SELL FASTER, BUY SMARTER', 1),
(3, 'SELL FASTER, BUY SMARTER', 1),
(4, 'EVERYTHING YOU NEED IN ONE PLACE', 0),
(5, 'new banner', 0);

-- --------------------------------------------------------

--
-- Table structure for table `car_makes`
--

CREATE TABLE `car_makes` (
  `make_id` int(11) NOT NULL,
  `make` varchar(35) NOT NULL,
  `status` int(11) NOT NULL
) ENGINE=InnoDB DEFAULT CHARSET=utf8;

--
-- Dumping data for table `car_makes`
--

INSERT INTO `car_makes` (`make_id`, `make`, `status`) VALUES
(1, 'Chevrolet', 1),
(2, 'Cadillac', 1),
(3, 'Acura', 1),
(4, 'BMW', 1),
(5, 'Chrysler', 1),
(6, 'Ford', 1),
(7, 'Buick', 1),
(8, 'Audi', 1),
(9, 'INFINITI', 1),
(10, 'GMC', 1),
(11, 'Honda', 1),
(12, 'Hyundai', 1),
(13, 'Jeep', 1),
(14, 'Genesis', 1),
(15, 'Dodge', 1),
(16, 'Jaguar', 1),
(17, 'Kia', 1),
(18, 'Land Rover', 1),
(19, 'Lexus', 1),
(20, 'Mercedes-Benz', 1),
(21, 'Mitsubishi', 1),
(22, 'Lincoln', 1),
(23, 'MAZDA', 1),
(24, 'Nissan', 1),
(25, 'MINI', 1),
(26, 'Porsche', 1),
(27, 'Ram', 1),
(28, 'Subaru', 1),
(29, 'Toyota', 1),
(30, 'Volkswagen', 1),
(31, 'Volvo', 1),
(32, 'Alfa Romeo', 1),
(33, 'FIAT', 1),
(34, 'Freightliner', 1),
(35, 'Maserati', 1),
(36, 'Tesla', 1),
(37, 'Aston Martin', 1),
(38, 'Bentley', 1),
(39, 'Ferrari', 1),
(40, 'Lamborghini', 1),
(41, 'Lotus', 1),
(42, 'McLaren', 1),
(43, 'Rolls-Royce', 1),
(44, 'smart', 1),
(45, 'Scion', 1),
(46, 'SRT', 1),
(47, 'Suzuki', 1),
(48, 'Fisker', 1),
(49, 'Maybach', 1),
(50, 'Mercury', 1),
(51, 'Saab', 1),
(52, 'HUMMER', 1),
(53, 'Pontiac', 1),
(54, 'Saturn', 1),
(55, 'Isuzu', 1),
(56, 'Panoz', 1),
(57, 'Oldsmobile', 1),
(58, 'Daewoo', 1),
(59, 'Plymouth', 1),
(60, 'Eagle', 1),
(61, 'Geo', 1),
(62, 'Daihatsu', 1),
(63, 'Polestar', 1),
(64, 'Rivian', 1);

-- --------------------------------------------------------

--
-- Table structure for table `car_models`
--

CREATE TABLE `car_models` (
  `model_id` int(11) NOT NULL,
  `make_id` varchar(25) NOT NULL,
  `model` varchar(50) NOT NULL,
  `type` varchar(50) NOT NULL,
  `status` int(11) NOT NULL
) ENGINE=InnoDB DEFAULT CHARSET=utf8;

--
-- Dumping data for table `car_models`
--

INSERT INTO `car_models` (`model_id`, `make_id`, `model`, `type`, `status`) VALUES
(1, '1', 'Malibu', 'Sedan', 1),
(2, '2', 'Escalade ESV', 'SUV', 1),
(3, '1', 'Corvette', 'Coupe, Convertible', 1),
(4, '3', 'RLX', 'Sedan', 1),
(5, '1', 'Silverado 2500 HD Crew Cab', 'Pickup', 1),
(6, '4', '3 Series', 'Sedan', 1),
(7, '5', 'Pacifica', 'Van/Minivan', 1),
(8, '1', 'Colorado Crew Cab', 'Pickup', 1),
(9, '4', 'X3', 'SUV', 1),
(10, '3', 'TLX', 'Sedan', 1),
(11, '1', 'Silverado 3500 HD Crew Cab', 'Pickup', 1),
(12, '4', '7 Series', 'Sedan', 1),
(13, '6', 'Fusion', 'Sedan', 1),
(14, '7', 'Envision', 'SUV', 1),
(15, '8', 'SQ5', 'SUV', 1),
(16, '8', 'R8', 'Coupe, Convertible', 1),
(17, '1', 'Traverse', 'SUV', 1),
(18, '3', 'MDX', 'SUV', 1),
(19, '9', 'QX80', 'SUV', 1),
(20, '7', 'Encore', 'SUV', 1),
(21, '10', 'Sierra 2500 HD Crew Cab', 'Pickup', 1),
(22, '11', 'Insight', 'Sedan', 1),
(23, '2', 'XT6', 'SUV', 1),
(24, '2', 'XT5', 'SUV', 1),
(25, '2', 'XT4', 'SUV', 1),
(26, '7', 'Enclave', 'SUV', 1),
(27, '8', 'Q5', 'SUV', 1),
(28, '12', 'Santa Fe', 'SUV', 1),
(29, '6', 'EcoSport', 'SUV', 1),
(30, '6', 'Escape', 'SUV', 1),
(31, '6', 'Mustang', 'Coupe, Convertible', 1),
(32, '12', 'Sonata', 'Sedan', 1),
(33, '6', 'Edge', 'SUV', 1),
(34, '1', 'Camaro', 'Convertible', 1),
(35, '12', 'Kona Electric', 'SUV', 1),
(36, '1', 'Equinox', 'SUV', 1),
(37, '10', 'Sierra 3500 HD Crew Cab', 'Pickup', 1),
(38, '13', 'Gladiator', 'Pickup', 1),
(39, '4', 'X7', 'SUV', 1),
(40, '2', 'CT6-V', 'Sedan', 1),
(41, '8', 'A7', 'Sedan', 1),
(42, '1', 'Blazer', 'SUV', 1),
(43, '6', 'F150 SuperCrew Cab', 'Pickup', 1),
(44, '1', 'Suburban', 'SUV', 1),
(45, '11', 'Civic', 'Hatchback, Sedan, Coupe', 1),
(46, '13', 'Compass', 'SUV', 1),
(47, '2', 'Escalade', 'SUV', 1),
(48, '5', 'Voyager', 'Van/Minivan', 1),
(49, '11', 'Accord Hybrid', 'Sedan', 1),
(50, '10', 'Terrain', 'SUV', 1),
(51, '1', 'Spark', 'Hatchback', 1),
(52, '10', 'Sierra 1500 Crew Cab', 'Pickup', 1),
(53, '12', 'NEXO', 'SUV', 1),
(54, '12', 'Veloster', 'Coupe', 1),
(55, '1', 'Silverado 1500 Crew Cab', 'Pickup', 1),
(56, '14', 'G70', 'Sedan', 1),
(57, '2', 'CT5', 'Sedan', 1),
(58, '11', 'Odyssey', 'Van/Minivan', 1),
(59, '12', 'Elantra GT', 'Hatchback', 1),
(60, '3', 'RDX', 'SUV', 1),
(61, '10', 'Yukon XL', 'SUV', 1),
(62, '6', 'Ranger SuperCab', 'Pickup', 1),
(63, '6', 'Expedition MAX', 'SUV', 1),
(64, '12', 'Kona', 'SUV', 1),
(65, '9', 'QX50', 'SUV', 1),
(66, '15', 'Durango', 'SUV', 1),
(67, '10', 'Yukon', 'SUV', 1),
(68, '12', 'Palisade', 'SUV', 1),
(69, '11', 'Ridgeline', 'Pickup', 1),
(70, '13', 'Cherokee', 'SUV', 1),
(71, '1', 'Bolt EV', 'Hatchback', 1),
(72, '6', 'Expedition', 'SUV', 1),
(73, '12', 'Elantra', 'Sedan', 1),
(74, '11', 'Passport', 'SUV', 1),
(75, '15', 'Charger', 'Sedan', 1),
(76, '11', 'Accord', 'Sedan', 1),
(77, '9', 'QX60', 'SUV', 1),
(78, '12', 'Venue', 'SUV', 1),
(79, '11', 'Pilot', 'SUV', 1),
(80, '13', 'Grand Cherokee', 'SUV', 1),
(81, '1', 'Tahoe', 'SUV', 1),
(82, '10', 'Acadia', 'SUV', 1),
(83, '1', 'Impala', 'Sedan', 1),
(84, '11', 'CR-V', 'SUV', 1),
(85, '4', 'X5', 'SUV', 1),
(86, '9', 'Q60', 'Coupe', 1),
(87, '6', 'Ranger SuperCrew', 'Pickup', 1),
(88, '1', 'Trax', 'SUV', 1),
(89, '12', 'Ioniq Plug-in Hybrid', 'Hatchback', 1),
(90, '16', 'E-PACE', 'SUV', 1),
(91, '12', 'Tucson', 'SUV', 1),
(92, '6', 'Explorer', 'SUV', 1),
(93, '11', 'HR-V', 'SUV', 1),
(94, '16', 'I-PACE', 'SUV', 1),
(95, '9', 'Q50', 'Sedan', 1),
(96, '14', 'G80', 'Sedan', 1),
(97, '16', 'F-PACE', 'SUV', 1),
(98, '13', 'Renegade', 'SUV', 1),
(99, '12', 'Accent', 'Sedan', 1),
(100, '16', 'F-TYPE', 'Convertible', 1),
(101, '13', 'Wrangler', 'SUV', 1),
(102, '17', 'Sorento', 'SUV', 1),
(103, '17', 'Rio', 'Sedan, Hatchback', 1),
(104, '18', 'Discovery Sport', 'SUV', 1),
(105, '17', 'Sedona', 'Van/Minivan', 1),
(106, '17', 'Optima', 'Sedan', 1),
(107, '17', 'Sportage', 'SUV', 1),
(108, '17', 'Optima Hybrid', 'Sedan', 1),
(109, '17', 'Optima Plug-in Hybrid', 'Sedan', 1),
(110, '18', 'Range Rover Evoque', 'SUV', 1),
(111, '17', 'Telluride', 'SUV', 1),
(112, '17', 'Forte', 'Sedan', 1),
(113, '13', 'Wrangler Unlimited', 'SUV', 1),
(114, '17', 'Soul', 'Wagon', 1),
(115, '18', 'Range Rover Sport', 'SUV', 1),
(116, '18', 'Range Rover', 'SUV', 1),
(117, '17', 'Stinger', 'Sedan', 1),
(118, '18', 'Discovery', 'SUV', 1),
(119, '18', 'Range Rover Velar', 'SUV', 1),
(120, '19', 'ES', 'Sedan', 1),
(121, '19', 'LC', 'Coupe', 1),
(122, '19', 'LX', 'SUV', 1),
(123, '19', 'RC', 'Coupe', 1),
(124, '19', 'GX', 'SUV', 1),
(125, '19', 'IS', 'Sedan', 1),
(126, '19', 'GS', 'Sedan', 1),
(127, '19', 'LS', 'Sedan', 1),
(128, '19', 'UX', 'SUV', 1),
(129, '20', 'GLS', 'SUV', 1),
(130, '20', 'CLA', 'Sedan', 1),
(131, '21', 'Outlander Sport', 'SUV', 1),
(132, '22', 'MKZ', 'Sedan', 1),
(133, '22', 'Aviator', 'SUV', 1),
(134, '19', 'NX', 'SUV', 1),
(135, '23', 'CX-30', 'SUV', 1),
(136, '21', 'Eclipse Cross', 'SUV', 1),
(137, '23', 'MAZDA3', 'Sedan, Hatchback', 1),
(138, '21', 'Mirage G4', 'Sedan', 1),
(139, '22', 'Navigator', 'SUV', 1),
(140, '24', 'Armada', 'SUV', 1),
(141, '23', 'CX-5', 'SUV', 1),
(142, '22', 'Corsair', 'SUV', 1),
(143, '22', 'Navigator L', 'SUV', 1),
(144, '20', 'G-Class', 'SUV', 1),
(145, '22', 'Nautilus', 'SUV', 1),
(146, '19', 'RX', 'SUV', 1),
(147, '24', 'Kicks', 'SUV', 1),
(148, '24', 'Murano', 'SUV', 1),
(149, '23', 'MAZDA6', 'Sedan', 1),
(150, '20', 'C-Class', 'Convertible, Sedan, Coupe', 1),
(151, '24', 'NV3500 HD Passenger', 'Van/Minivan', 1),
(152, '20', 'GLA', 'SUV', 1),
(153, '23', 'CX-9', 'SUV', 1),
(154, '24', 'NV1500 Cargo', 'Van/Minivan', 1),
(155, '20', 'E-Class', 'Coupe, Wagon, Sedan, Convertible', 1),
(156, '25', 'Countryman', 'SUV', 1),
(157, '20', 'GLE', 'SUV', 1),
(158, '24', 'Maxima', 'Sedan', 1),
(159, '24', '370Z', 'Coupe', 1),
(160, '20', 'GLC', 'SUV', 1),
(161, '21', 'Mirage', 'Hatchback', 1),
(162, '24', 'Altima', 'Sedan', 1),
(163, '24', 'GT-R', 'Coupe', 1),
(164, '21', 'Outlander', 'SUV', 1),
(165, '21', 'Outlander PHEV', 'SUV', 1),
(166, '24', 'NV3500 HD Cargo', 'Van/Minivan', 1),
(167, '26', 'Panamera', 'Sedan', 1),
(168, '26', 'Taycan', 'Sedan', 1),
(169, '24', 'Pathfinder', 'SUV', 1),
(170, '24', 'Rogue', 'SUV', 1),
(171, '24', 'NV200', 'Van/Minivan', 1),
(172, '26', '911', 'Convertible', 1),
(173, '24', 'Rogue Sport', 'SUV', 1),
(174, '26', 'Macan', 'SUV', 1),
(175, '26', 'Cayenne Coupe', 'SUV', 1),
(176, '26', 'Cayenne', 'SUV', 1),
(177, '24', 'NV2500 HD Cargo', 'Van/Minivan', 1),
(178, '27', '3500 Crew Cab', 'Pickup', 1),
(179, '27', '1500 Crew Cab', 'Pickup', 1),
(180, '28', 'BRZ', 'Coupe', 1),
(181, '24', 'Versa', 'Sedan', 1),
(182, '29', 'Avalon', 'Sedan', 1),
(183, '28', 'WRX', 'Sedan', 1),
(184, '29', 'Camry', 'Sedan', 1),
(185, '28', 'Impreza', 'Wagon, Sedan', 1),
(186, '28', 'Ascent', 'SUV', 1),
(187, '28', 'Legacy', 'Sedan', 1),
(188, '29', 'Corolla Hatchback', 'Hatchback', 1),
(189, '28', 'Crosstrek', 'SUV', 1),
(190, '29', 'Corolla', 'Sedan', 1),
(191, '29', '86', 'Coupe', 1),
(192, '28', 'Forester', 'SUV', 1),
(193, '29', 'Avalon Hybrid', 'Sedan', 1),
(194, '27', '2500 Crew Cab', 'Pickup', 1),
(195, '29', '4Runner', 'SUV', 1),
(196, '28', 'Outback', 'SUV', 1),
(197, '29', 'C-HR', 'SUV', 1),
(198, '29', 'Camry Hybrid', 'Sedan', 1),
(199, '29', 'Corolla Hybrid', 'Sedan', 1),
(200, '29', 'GR Supra', 'Coupe', 1),
(201, '29', 'Highlander', 'SUV', 1),
(202, '29', 'Prius', 'Hatchback', 1),
(203, '29', 'Prius Prime', 'Hatchback', 1),
(204, '29', 'RAV4', 'SUV', 1),
(205, '29', 'Tacoma Access Cab', 'Pickup', 1),
(206, '29', 'Sienna', 'Van/Minivan', 1),
(207, '29', 'Land Cruiser', 'SUV', 1),
(208, '29', 'Yaris', 'Sedan', 1),
(209, '29', 'RAV4 Hybrid', 'SUV', 1),
(210, '29', 'Highlander Hybrid', 'SUV', 1),
(211, '29', 'Sequoia', 'SUV', 1),
(212, '29', 'Tundra Double Cab', 'Pickup', 1),
(213, '29', 'Tacoma Double Cab', 'Pickup', 1),
(214, '29', 'Tundra CrewMax', 'Pickup', 1),
(215, '30', 'Passat', 'Sedan', 1),
(216, '29', 'Yaris Hatchback', 'Hatchback', 1),
(217, '3', 'MDX Sport Hybrid', 'SUV', 1),
(218, '3', 'RLX Sport Hybrid', 'Sedan', 1),
(219, '8', 'A6', 'Sedan', 1),
(220, '31', 'XC40', 'SUV', 1),
(221, '8', 'A4', 'Sedan', 1),
(222, '8', 'Q7', 'SUV', 1),
(223, '8', 'Q8', 'SUV', 1),
(224, '8', 'RS 5', 'Sedan, Coupe', 1),
(225, '3', 'NSX', 'Coupe', 1),
(226, '32', '4C Spider', 'Convertible', 1),
(227, '31', 'XC60', 'SUV', 1),
(228, '30', 'Tiguan', 'SUV', 1),
(229, '31', 'XC90', 'SUV1992', 1),
(230, '8', 'A8', 'Sedan', 1),
(231, '4', '4 Series', 'Convertible, Sedan, Coupe', 1),
(232, '3', 'ILX', 'Sedan', 1),
(233, '4', '2 Series', 'Coupe, Convertible', 1),
(234, '8', 'A3', 'Convertible, Sedan', 1),
(235, '8', 'S5', 'Sedan, Coupe, Convertible', 1),
(236, '8', 'A4 allroad', 'Wagon', 1),
(237, '8', 'e-tron', 'SUV', 1),
(238, '30', 'Jetta', 'Sedan', 1),
(239, '8', 'Q3', 'SUV', 1),
(240, '8', 'RS 3', 'Sedan', 1),
(241, '32', 'Stelvio', 'SUV', 1),
(242, '32', 'Giulia', 'Sedan', 1),
(243, '8', 'A5', 'Coupe, Sedan, Convertible', 1),
(244, '8', 'S3', 'Sedan', 1),
(245, '8', 'S4', 'Sedan', 1),
(246, '4', '5 Series', 'Sedan', 1),
(247, '4', 'M5', 'Sedan', 1),
(248, '4', 'i8', 'Convertible, Coupe', 1),
(249, '4', '8 Series', 'Coupe, Convertible', 1),
(250, '4', 'M6', 'Coupe', 1),
(251, '4', 'i3', 'Hatchback', 1),
(252, '4', '6 Series', 'Sedan', 1),
(253, '4', 'M4', 'Coupe, Convertible', 1),
(254, '8', 'TT', 'Coupe', 1),
(255, '7', 'Regal Sportback', 'Sedan', 1),
(256, '4', 'X6 M', 'SUV', 1),
(257, '4', 'X2', 'SUV', 1),
(258, '2', 'CTS-V', 'Sedan', 1),
(259, '4', 'X1', 'SUV', 1),
(260, '4', 'X6', 'SUV', 1),
(261, '4', 'X4', 'SUV', 1),
(262, '2', 'CT6', 'Sedan', 1),
(263, '7', 'Regal TourX', 'Wagon', 1),
(264, '4', 'M2', 'Coupe', 1),
(265, '7', 'Cascada', 'Convertible', 1),
(266, '2', 'CTS', 'Sedan', 1),
(267, '1', 'Cruze', 'Sedan, Hatchback', 1),
(268, '4', 'Z4', 'Convertible', 1),
(269, '2', 'XTS', 'Sedan', 1),
(270, '7', 'LaCrosse', 'Sedan', 1),
(271, '2', 'ATS-V', 'Coupe', 1),
(272, '2', 'ATS', 'Coupe', 1),
(273, '1', 'Express 2500 Cargo', 'Van/Minivan', 1),
(274, '1', 'Colorado Extended Cab', 'Pickup', 1),
(275, '1', 'Express 2500 Passenger', 'Van/Minivan', 1),
(276, '1', 'Express 3500 Passenger', 'Van/Minivan', 1),
(277, '1', 'Silverado 2500 HD Double Cab', 'Pickup', 1),
(278, '1', 'Silverado 1500 Regular Cab', 'Pickup', 1),
(279, '1', 'Express 3500 Cargo', 'Van/Minivan', 1),
(280, '1', 'Silverado 1500 LD Double Cab', 'Pickup', 1),
(281, '1', 'Silverado 2500 HD Regular Cab', 'Pickup', 1),
(282, '1', 'Silverado 1500 Double Cab', 'Pickup', 1),
(283, '1', 'Sonic', 'Sedan, Hatchback', 1),
(284, '5', 'Pacifica Hybrid', 'Van/Minivan', 1),
(285, '15', 'Challenger', 'Coupe', 1),
(286, '33', '500L', 'Hatchback', 1),
(287, '1', 'Volt', 'Sedan', 1),
(288, '33', '500e', 'Hatchback', 1),
(289, '33', '500', 'Hatchback', 1),
(290, '15', 'Journey', 'SUV', 1),
(291, '6', 'F150 Super Cab', 'Pickup', 1),
(292, '1', 'Suburban 3500HD', 'SUV', 1),
(293, '15', 'Grand Caravan Passenger', 'Van/Minivan', 1),
(294, '5', '300', 'Sedan', 1),
(295, '33', '500c', 'Convertible', 1),
(296, '33', '500 Abarth', 'Hatchback', 1),
(297, '33', '124 Spider', 'Convertible', 1),
(298, '6', 'F250 Super Duty Regular Cab', 'Pickup', 1),
(299, '33', '500X', 'SUV', 1),
(300, '33', '500c Abarth', 'Convertible', 1),
(301, '6', 'F150 Regular Cab', 'Pickup', 1),
(302, '6', 'F450 Super Duty Crew Cab', 'Pickup', 1),
(303, '6', 'F350 Super Duty Crew Cab', 'Pickup', 1),
(304, '6', 'Fiesta', 'Hatchback, Sedan', 1),
(305, '6', 'F250 Super Duty Crew Cab', 'Pickup', 1),
(306, '6', 'F350 Super Duty Super Cab', 'Pickup', 1),
(307, '6', 'Flex', 'SUV', 1),
(308, '6', 'Transit 150 Van', 'Van/Minivan', 1),
(309, '10', 'Canyon Crew Cab', 'Pickup', 1),
(310, '14', 'G90', 'Sedan', 1),
(311, '6', 'Fusion Energi', 'Sedan', 1),
(312, '6', 'Transit Connect Cargo', 'Van/Minivan', 1),
(313, '6', 'Transit 150 Wagon', 'Van/Minivan', 1),
(314, '6', 'Transit 350 Van', 'Van/Minivan', 1),
(315, '6', 'F250 Super Duty Super Cab', 'Pickup', 1),
(316, '10', 'Sierra 1500 Double Cab', 'Pickup', 1),
(317, '6', 'Transit 250 Van', 'Van/Minivan', 1),
(318, '6', 'Transit 350 Wagon', 'Van/Minivan', 1),
(319, '6', 'Transit Connect Passenger', 'Van/Minivan', 1),
(320, '34', 'Sprinter 2500 Cargo', 'Van/Minivan', 1),
(321, '6', 'Taurus', 'Sedan', 1),
(322, '10', 'Sierra 1500 Limited Double Cab', 'Pickup', 1),
(323, '11', 'Clarity Electric', 'Sedan', 1),
(324, '10', 'Sierra 2500 HD Double Cab', 'Pickup', 1),
(325, '10', 'Sierra 2500 HD Regular Cab', 'Pickup', 1),
(326, '10', 'Canyon Extended Cab', 'Pickup', 1),
(327, '10', 'Sierra 1500 Regular Cab', 'Pickup', 1),
(328, '11', 'Civic Type R', 'Hatchback', 1),
(329, '11', 'Clarity Fuel Cell', 'Sedan', 1),
(330, '11', 'Clarity Plug-in Hybrid', 'Sedan', 1),
(331, '11', 'Fit', 'Hatchback', 1),
(332, '12', 'Ioniq Electric', 'Hatchback', 1),
(333, '12', 'Sonata Hybrid', 'Sedan', 1),
(334, '12', 'Ioniq Hybrid', 'Hatchback', 1),
(335, '12', 'Sonata Plug-in Hybrid', 'Sedan', 1),
(336, '9', 'Q70', 'Sedan', 1),
(337, '9', 'QX30', 'SUV', 1),
(338, '16', 'XE', 'Sedan', 1),
(339, '17', 'Niro', 'Wagon', 1),
(340, '16', 'XF', 'Wagon, Sedan', 1),
(341, '16', 'XJ', 'Sedan', 1),
(342, '17', 'Niro Plug-in Hybrid', 'Wagon', 1),
(343, '17', 'Cadenza', 'Sedan', 1),
(344, '17', 'K900', 'Sedan', 1),
(345, '17', 'Niro EV', 'Wagon', 1),
(346, '17', 'Soul EV', 'Wagon', 1),
(347, '35', 'Levante', 'SUV', 1),
(348, '23', 'MX-5 Miata RF', 'Convertible', 1),
(349, '23', 'MX-5 Miata', 'Convertible', 1),
(350, '22', 'Continental', 'Sedan', 1),
(351, '22', 'MKT', 'SUV', 1),
(352, '23', 'CX-3', 'SUV', 1),
(353, '22', 'MKC', 'SUV', 1),
(354, '20', 'A-Class', 'Sedan', 1),
(355, '35', 'Ghibli', 'Sedan', 1),
(356, '20', 'Mercedes-AMG C-Class', 'Sedan, Convertible, Coupe', 1),
(357, '20', 'CLS', 'Sedan', 1),
(358, '20', 'Mercedes-AMG CLA', 'Sedan', 1),
(359, '20', 'GLC Coupe', 'SUV', 1),
(360, '20', 'Mercedes-AMG CLS', 'Sedan', 1),
(361, '12', 'Santa Fe XL', 'SUV', 1),
(362, '20', 'Mercedes-AMG E-Class', 'Coupe, Convertible, Sedan, Wagon', 1),
(363, '20', 'Mercedes-AMG GLE', 'SUV', 1),
(364, '20', 'Mercedes-AMG G-Class', 'SUV', 1),
(365, '20', 'Mercedes-AMG GLA', 'SUV', 1),
(366, '20', 'Mercedes-AMG S-Class', 'Sedan, Coupe, Convertible', 1),
(367, '20', 'SL', 'Convertible', 1),
(368, '20', 'Mercedes-AMG GT', 'Coupe, Sedan, Convertible', 1),
(369, '20', 'Metris Passenger', 'Van/Minivan', 1),
(370, '20', 'Mercedes-AMG GLE Coupe', 'SUV', 1),
(371, '20', 'Mercedes-Maybach S-Class', 'Sedan', 1),
(372, '20', 'Mercedes-AMG GLC Coupe', 'SUV', 1),
(373, '20', 'Sprinter 2500 Cargo', 'Van/Minivan', 1),
(374, '25', 'Convertible', 'Convertible', 1),
(375, '20', 'S-Class', 'Coupe, Sedan, Convertible', 1),
(376, '20', 'Metris Cargo', 'Van/Minivan', 1),
(377, '20', 'SLC', 'Convertible', 1),
(378, '20', 'Mercedes-AMG SLC', 'Convertible', 1),
(379, '20', 'Mercedes-AMG GLC', 'SUV', 1),
(380, '20', 'Mercedes-AMG SL', 'Convertible', 1),
(381, '25', 'Hardtop 2 Door', 'Hatchback', 1),
(382, '25', 'Hardtop 4 Door', 'Hatchback', 1),
(383, '25', 'Clubman', 'Hatchback', 1),
(384, '20', 'Mercedes-AMG GLS', 'SUV', 1),
(385, '24', 'TITAN XD Crew Cab', 'Pickup', 1),
(386, '24', 'Titan Crew Cab', 'Pickup', 1),
(387, '26', '718 Boxster', 'Convertible', 1),
(388, '24', 'Frontier King Cab', 'Pickup', 1),
(389, '24', 'Frontier Crew Cab', 'Pickup', 1),
(390, '24', 'LEAF', 'Hatchback', 1),
(391, '24', 'Sentra', 'Sedan', 1),
(392, '24', 'TITAN Single Cab', 'Pickup', 1),
(393, '24', 'NV200 Taxi', 'Van/Minivan', 1),
(394, '24', 'Titan King Cab', 'Pickup', 1),
(395, '24', 'TITAN XD Single Cab', 'Pickup', 1),
(396, '24', 'Versa Note', 'Hatchback', 1),
(397, '27', '2500 Mega Cab', 'Pickup', 1),
(398, '24', 'TITAN XD King Cab', 'Pickup', 1),
(399, '27', '1500 Classic Quad Cab', 'Pickup', 1),
(400, '27', '1500 Classic Crew Cab', 'Pickup', 1),
(401, '27', '1500 Classic Regular Cab', 'Pickup', 1),
(402, '26', '718 Cayman', 'Coupe', 1),
(403, '27', '1500 Quad Cab', 'Pickup', 1),
(404, '27', '2500 Regular Cab', 'Pickup', 1),
(405, '27', '3500 Mega Cab', 'Pickup', 1),
(406, '27', 'ProMaster Cargo Van', 'Van/Minivan', 1),
(407, '27', 'ProMaster City', 'Van/Minivan', 1),
(408, '27', 'ProMaster Window Van', 'Van/Minivan', 1),
(409, '36', 'Model X', 'SUV', 1),
(410, '36', 'Model 3', 'Sedan', 1),
(411, '27', '3500 Regular Cab', 'Pickup', 1),
(412, '36', 'Model S', 'Sedan', 1),
(413, '29', 'Mirai', 'Sedan', 1),
(414, '30', 'Atlas', 'SUV', 1),
(415, '29', 'Prius c', 'Hatchback', 1),
(416, '30', 'Golf SportWagen', 'Wagon', 1),
(417, '30', 'Arteon', 'Sedan', 1),
(418, '30', 'e-Golf', 'Hatchback', 1),
(419, '30', 'Golf', 'Hatchback', 1),
(420, '30', 'Golf GTI', 'Hatchback', 1),
(421, '30', 'Jetta GLI', 'Sedan', 1),
(422, '30', 'Beetle', 'Convertible, Coupe, Hatchback', 1),
(423, '30', 'Golf Alltrack', 'Wagon', 1),
(424, '31', 'S60', 'Sedan', 1),
(425, '30', 'Golf R', 'Hatchback', 1),
(426, '31', 'V60', 'Wagon', 1),
(427, '31', 'V90', 'Wagon', 1),
(428, '31', 'S90', 'Sedan', 1),
(429, '37', 'Vanquish S', 'Convertible, Coupe', 1),
(430, '32', '4C', 'Coupe', 1),
(431, '37', 'DB11', 'Coupe', 1),
(432, '8', 'A3 Sportback e-tron', 'Wagon', 1),
(433, '8', 'S7', 'Sedan', 1),
(434, '8', 'S6', 'Sedan', 1),
(435, '8', 'S8', 'Sedan', 1),
(436, '8', 'RS 7', 'Sedan', 1),
(437, '38', 'Bentayga', 'SUV', 1),
(438, '38', 'Flying Spur', 'Sedan', 1),
(439, '4', 'M3', 'Sedan', 1),
(440, '38', 'Continental', 'Convertible', 1),
(441, '38', 'Mulsanne', 'Sedan', 1),
(442, '4', 'X5 M', 'SUV', 1),
(443, '1', 'City Express', 'Van/Minivan', 1),
(444, '1', 'Silverado 3500 HD Double Cab', 'Pickup', 1),
(445, '1', 'Silverado 3500 HD Regular Cab', 'Pickup', 1),
(446, '39', 'GTC4Lusso', 'Hatchback', 1),
(447, '39', '488 GTB', 'Coupe', 1),
(448, '39', '812 Superfast', 'Coupe', 1),
(449, '39', 'Portofino', 'Convertible', 1),
(450, '39', '488 Spider', 'Convertible', 1),
(451, '6', 'C-MAX Hybrid', 'Wagon', 1),
(452, '6', 'F350 Super Duty Regular Cab', 'Pickup', 1),
(453, '6', 'Focus', 'Sedan, Hatchback', 1),
(454, '6', 'Transit 350 HD Van', 'Van/Minivan', 1),
(455, '34', 'Sprinter 2500 Crew', 'Van/Minivan', 1),
(456, '34', 'Sprinter 3500 Cargo', 'Van/Minivan', 1),
(457, '34', 'Sprinter WORKER Cargo', 'Van/Minivan', 1),
(458, '34', 'Sprinter 3500XD Cargo', 'Van/Minivan', 1),
(459, '34', 'Sprinter 2500 Passenger', 'Van/Minivan', 1),
(460, '10', 'Savana 2500 Passenger', 'Van/Minivan', 1),
(461, '10', 'Savana 3500 Passenger', 'Van/Minivan', 1),
(462, '10', 'Savana 3500 Cargo', 'Van/Minivan', 1),
(463, '10', 'Savana 2500 Cargo', 'Van/Minivan', 1),
(464, '10', 'Sierra 3500 HD Double Cab', 'Pickup', 1),
(465, '10', 'Sierra 3500 HD Regular Cab', 'Pickup', 1),
(466, '12', 'Santa Fe Sport', 'SUV', 1),
(467, '17', 'Forte5', 'Hatchback', 1),
(468, '40', 'Huracan', 'Coupe', 1),
(469, '40', 'Aventador', 'Convertible, Coupe', 1),
(470, '35', 'Quattroporte', 'Sedan', 1),
(471, '22', 'MKX', 'SUV', 1),
(472, '41', 'Evora 400', 'Coupe', 1),
(473, '42', '570GT', 'Coupe', 1),
(474, '35', 'GranTurismo', 'Coupe, Convertible', 1),
(475, '42', '720S', 'Coupe', 1),
(476, '42', '570S', 'Coupe, Convertible', 1),
(477, '20', 'Sprinter 2500 Crew', 'Van/Minivan', 1),
(478, '20', 'Metris WORKER Cargo', 'Van/Minivan', 1),
(479, '20', 'Metris WORKER Passenger', 'Van/Minivan', 1),
(480, '20', 'Sprinter 3500 XD Cargo', 'Van/Minivan', 1),
(481, '20', 'Sprinter 2500 Passenger', 'Van/Minivan', 1),
(482, '20', 'Sprinter WORKER Cargo', 'Van/Minivan', 1),
(483, '20', 'Sprinter 3500 Cargo', 'Van/Minivan', 1),
(484, '43', 'Ghost', 'Sedan', 1),
(485, '27', '1500 Regular Cab', 'Pickup', 1),
(486, '44', 'fortwo electric drive', 'Hatchback', 1),
(487, '43', 'Wraith', 'Coupe', 1),
(488, '43', 'Dawn', 'Convertible', 1),
(489, '44', 'fortwo electric drive cabrio', 'Convertible', 1),
(490, '43', 'Phantom', 'Sedan', 1),
(491, '29', 'Corolla iM', 'Hatchback', 1),
(492, '29', 'Yaris iA', 'Sedan', 1),
(493, '30', 'Tiguan Limited', 'SUV', 1),
(494, '37', 'Rapide S', 'Sedan', 1),
(495, '37', 'Vanquish', 'Coupe, Convertible', 1),
(496, '37', 'Vantage', 'Convertible, Coupe', 1),
(497, '8', 'A5 Sport', 'Convertible, Coupe', 1),
(498, '7', 'Regal', 'Sedan', 1),
(499, '7', 'Verano', 'Sedan', 1),
(500, '5', '200', 'Sedan', 1),
(501, '1', 'SS', 'Sedan', 1),
(502, '39', 'F12berlinetta', 'Coupe', 1),
(503, '39', 'California', 'Convertible', 1),
(504, '15', 'Viper', 'Coupe', 1),
(505, '6', 'C-MAX Energi', 'Wagon', 1),
(506, '6', 'Expedition EL', 'SUV', 1),
(507, '34', 'Sprinter WORKER Passenger', 'Van/Minivan', 1),
(508, '10', 'Acadia Limited', 'SUV', 1),
(509, '12', 'Azera', 'Sedan', 1),
(510, '9', 'QX70', 'SUV', 1),
(511, '12', 'Tucson Fuel Cell', 'SUV', 1),
(512, '13', 'Patriot', 'SUV', 1),
(513, '19', 'CT', 'Hatchback', 1),
(514, '20', 'B-Class', 'Hatchback', 1),
(515, '20', 'Sprinter WORKER Passenger', 'Van/Minivan', 1),
(516, '21', 'Lancer', 'Sedan', 1),
(517, '21', 'i-MiEV', 'Hatchback', 1),
(518, '24', 'Quest', 'Van/Minivan', 1),
(519, '24', 'JUKE', 'SUV', 1),
(520, '44', 'fortwo cabrio', 'Convertible', 1),
(521, '44', 'fortwo', 'Hatchback', 1),
(522, '29', 'Prius v', 'Wagon', 1),
(523, '29', 'Tundra Regular Cab', 'Pickup', 1),
(524, '30', 'CC', 'Sedan', 1),
(525, '30', 'Touareg', 'SUV', 1),
(526, '37', 'DB9 GT', 'Coupe, Convertible', 1),
(527, '8', 'allroad', 'Wagon', 1),
(528, '2', 'ELR', 'Coupe', 1),
(529, '2', 'SRX', 'SUV', 1),
(530, '1', 'Cruze Limited', 'Sedan', 1),
(531, '1', 'Impala Limited', 'Sedan', 1),
(532, '1', 'Malibu Limited', 'Sedan', 1),
(533, '15', 'Dart', 'Sedan', 1),
(534, '5', 'Town & Country', 'Van/Minivan', 1),
(535, '1', 'Spark EV', 'Hatchback', 1),
(536, '39', 'FF', 'Coupe', 1),
(537, '11', 'CR-Z', 'Coupe', 1),
(538, '12', 'Genesis', 'Sedan', 1),
(539, '12', 'Genesis Coupe', 'Coupe', 1),
(540, '12', 'Equus', 'Sedan', 1),
(541, '17', 'Forte Koup', 'Coupe', 1),
(542, '18', 'LR4', 'SUV', 1),
(543, '42', '650S', 'Convertible, Coupe', 1),
(544, '22', 'MKS', 'Sedan', 1),
(545, '42', '675LT', 'Coupe', 1),
(546, '20', 'CLS-Class', 'Sedan', 1),
(547, '20', 'GL-Class', 'SUV', 1),
(548, '20', 'GLE Coupe', 'SUV', 1),
(549, '20', 'Mercedes-Maybach S 600', 'Sedan', 1),
(550, '20', 'SLK', 'Convertible', 1),
(551, '20', 'Mercedes-AMG SLK', 'Convertible', 1),
(552, '25', 'Paceman', 'Hatchback', 1),
(553, '26', 'Cayman', 'Coupe', 1),
(554, '26', 'Boxster', 'Convertible', 1),
(555, '45', 'iA', 'Sedan', 1),
(556, '45', 'tC', 'Coupe', 1),
(557, '45', 'iM', 'Hatchback', 1),
(558, '45', 'FR-S', 'Coupe', 1),
(559, '30', 'Eos', 'Convertible', 1),
(560, '37', 'DB9', 'Coupe, Convertible', 1),
(561, '31', 'S80', 'Sedan', 1),
(562, '31', 'XC70', 'Wagon', 1),
(563, '1', 'Captiva Sport', 'SUV', 1),
(564, '39', '458 Italia', 'Coupe', 1),
(565, '39', '458 Speciale', 'Coupe', 1),
(566, '39', '458 Spider', 'Convertible', 1),
(567, '6', 'Focus ST', 'Hatchback', 1),
(568, '11', 'Crosstour', 'SUV', 1),
(569, '9', 'Q40', 'Sedan', 1),
(570, '16', 'XK', 'Coupe, Convertible', 1),
(571, '18', 'LR2', 'SUV', 1),
(572, '20', 'M-Class', 'SUV', 1),
(573, '20', 'CLA-Class', 'Sedan', 1),
(574, '23', 'MAZDA5', 'Van/Minivan', 1),
(575, '20', 'GLK-Class', 'SUV', 1),
(576, '20', 'GLA-Class', 'SUV', 1),
(577, '20', 'SLS-Class', 'Coupe, Convertible', 1),
(578, '20', 'SL-Class', 'Convertible', 1),
(579, '20', 'SLK-Class', 'Convertible', 1),
(580, '25', 'Coupe', 'Coupe', 1),
(581, '25', 'Roadster', 'Convertible', 1),
(582, '21', 'Lancer Evolution', 'Sedan', 1),
(583, '24', 'Rogue Select', 'SUV', 1),
(584, '24', 'Xterra', 'SUV', 1),
(585, '45', 'iQ', 'Hatchback', 1),
(586, '28', 'XV Crosstrek', 'SUV', 1),
(587, '27', 'C/V Tradesman', 'Van/Minivan', 1),
(588, '45', 'xB', 'Hatchback', 1),
(589, '29', 'Prius Plug-in Hybrid', 'Hatchback', 1),
(590, '29', 'Venza', 'Wagon', 1),
(591, '3', 'TSX', 'Sedan, Wagon', 1),
(592, '3', 'TL', 'Sedan', 1),
(593, '1', 'Express 1500 Cargo', 'Van/Minivan', 1),
(594, '1', 'Express 1500 Passenger', 'Van/Minivan', 1),
(595, '1', 'Suburban 1500', 'SUV', 1),
(596, '15', 'Avenger', 'Sedan', 1),
(597, '6', 'E350 Super Duty Cargo', 'Van/Minivan', 1),
(598, '6', 'E150 Passenger', 'Van/Minivan', 1),
(599, '6', 'E150 Cargo', 'Van/Minivan', 1),
(600, '6', 'E250 Cargo', 'Van/Minivan', 1),
(601, '6', 'E350 Super Duty Passenger', 'Van/Minivan', 1),
(602, '10', 'Savana 1500 Cargo', 'Van/Minivan', 1),
(603, '10', 'Savana 1500 Passenger', 'Van/Minivan', 1),
(604, '10', 'Yukon XL 1500', 'SUV', 1),
(605, '40', 'Gallardo', 'Coupe, Convertible', 1),
(606, '23', 'MAZDA2', 'Hatchback', 1),
(607, '41', 'Evora', 'Coupe', 1),
(608, '42', 'MP4-12C', 'Coupe, Convertible', 1),
(609, '20', 'CL-Class', 'Coupe', 1),
(610, '24', 'cube', 'Wagon', 1),
(611, '25', 'Hardtop', 'Hatchback', 1),
(612, '28', 'Tribeca', 'SUV', 1),
(613, '27', 'ProMaster 3500 Cargo', 'Van/Minivan', 1),
(614, '27', 'ProMaster 2500 Cargo', 'Van/Minivan', 1),
(615, '45', 'xD', 'Hatchback', 1),
(616, '27', 'ProMaster 1500 Cargo', 'Van/Minivan', 1),
(617, '46', 'Viper', 'Coupe', 1),
(618, '29', 'FJ Cruiser', 'SUV', 1),
(619, '29', 'Tacoma Regular Cab', 'Pickup', 1),
(620, '30', 'GTI', 'Hatchback', 1),
(621, '30', 'Routan', 'Van/Minivan', 1),
(622, '30', 'Jetta SportWagen', 'Wagon', 1),
(623, '3', 'ZDX', 'SUV', 1),
(624, '4', '1 Series', 'Coupe, Convertible', 1),
(625, '2', 'Escalade EXT', 'Pickup', 1),
(626, '1', 'Avalanche', 'SUV', 1),
(627, '1', 'Silverado 2500 HD Extended Cab', 'Pickup', 1),
(628, '1', 'Silverado 3500 HD Extended Cab', 'Pickup', 1),
(629, '1', 'Silverado 1500 Extended Cab', 'Pickup', 1),
(630, '1', 'Suburban 2500', 'SUV', 1),
(631, '10', 'Sierra 3500 HD Extended Cab', 'Pickup', 1),
(632, '10', 'Sierra 1500 Extended Cab', 'Pickup', 1),
(633, '10', 'Yukon XL 2500', 'SUV', 1),
(634, '10', 'Sierra 2500 HD Extended Cab', 'Pickup', 1),
(635, '9', 'EX', 'SUV', 1),
(636, '9', 'QX', 'SUV', 1),
(637, '9', 'G', 'Sedan, Coupe, Convertible', 1),
(638, '9', 'JX', 'SUV', 1),
(639, '9', 'FX', 'SUV', 1),
(640, '9', 'M', 'Sedan', 1),
(641, '47', 'SX4', 'Sedan, Hatchback', 1),
(642, '47', 'Kizashi', 'Sedan', 1),
(643, '47', 'Grand Vitara', 'SUV', 1),
(644, '29', 'Matrix', 'Wagon', 1),
(645, '31', 'C30', 'Hatchback', 1),
(646, '31', 'C70', 'Convertible', 1),
(647, '3', 'RL', 'Sedan', 1),
(648, '37', 'Rapide', 'Sedan', 1),
(649, '37', 'DBS', 'Coupe, Convertible', 1),
(650, '37', 'Virage', 'Coupe, Convertible', 1),
(651, '1', 'Colorado Regular Cab', 'Pickup', 1),
(652, '15', 'Caliber', 'Wagon', 1),
(653, '48', 'Karma', 'Sedan', 1),
(654, '10', 'Canyon Regular Cab', 'Pickup', 1),
(655, '12', 'Veracruz', 'SUV', 1),
(656, '13', 'Liberty', 'SUV', 1),
(657, '19', 'HS', 'Sedan', 1),
(658, '19', 'LFA', 'Coupe', 1),
(659, '49', '62', 'Sedan', 1),
(660, '23', 'CX-7', 'SUV', 1),
(661, '49', '57', 'Sedan', 1),
(662, '20', 'R-Class', 'Wagon', 1),
(663, '21', 'Eclipse', 'Coupe, Convertible', 1),
(664, '21', 'Galant', 'Sedan', 1),
(665, '27', 'C/V', 'Van/Minivan', 1),
(666, '47', 'Equator Extended Cab', 'Pickup', 1),
(667, '47', 'Equator Crew Cab', 'Pickup', 1),
(668, '2', 'DTS', 'Sedan', 1),
(669, '7', 'Lucerne', 'Sedan', 1),
(670, '1', 'Aveo', 'Hatchback, Sedan', 1),
(671, '1', 'HHR', 'Wagon', 1),
(672, '2', 'STS', 'Sedan', 1),
(673, '39', '599 GTB Fiorano', 'Coupe', 1),
(674, '15', 'Grand Caravan Cargo', 'Van/Minivan', 1),
(675, '39', '599 GTO', 'Coupe', 1),
(676, '39', '612 Scaglietti', 'Coupe', 1),
(677, '15', 'Nitro', 'SUV', 1),
(678, '6', 'Crown Victoria', 'Sedan', 1),
(679, '6', 'Ranger Super Cab', 'Pickup', 1),
(680, '6', 'Ranger Regular Cab', 'Pickup', 1),
(681, '11', 'Accord Crosstour', 'SUV', 1),
(682, '11', 'Element', 'SUV', 1),
(683, '41', 'Elise', 'Coupe', 1),
(684, '19', 'IS F', 'Sedan', 1),
(685, '22', 'Town Car', 'Sedan', 1),
(686, '41', 'Exige', 'Coupe', 1),
(687, '23', 'RX-8', 'Coupe', 1),
(688, '23', 'Tribute', 'SUV', 1),
(689, '50', 'Milan', 'Sedan', 1),
(690, '50', 'Mariner', 'SUV', 1),
(691, '50', 'Grand Marquis', 'Sedan', 1),
(692, '21', 'Endeavor', 'SUV', 1),
(693, '51', '9-4X', 'SUV', 1),
(694, '51', '3-Sep', 'Sedan, Convertible, Wagon', 1),
(695, '27', 'Dakota Crew Cab', 'Pickup', 1),
(696, '27', 'Dakota Extended Cab', 'Pickup', 1),
(697, '51', '5-Sep', 'Sedan', 1),
(698, '31', 'V50', 'Wagon', 1),
(699, '31', 'S40', 'Sedan', 1),
(700, '38', 'Azure T', 'Convertible', 1),
(701, '38', 'Brooklands', 'Coupe', 1),
(702, '1', 'Cobalt', 'Sedan, Coupe', 1),
(703, '15', 'Ram 2500 Regular Cab', 'Pickup', 1),
(704, '5', 'PT Cruiser', 'Wagon', 1),
(705, '5', 'Sebring', 'Sedan, Convertible', 1),
(706, '15', 'Ram 1500 Quad Cab', 'Pickup', 1),
(707, '15', 'Dakota Extended Cab', 'Pickup', 1),
(708, '15', 'Ram 1500 Crew Cab', 'Pickup', 1),
(709, '15', 'Dakota Crew Cab', 'Pickup', 1),
(710, '15', 'Ram 2500 Mega Cab', 'Pickup', 1),
(711, '15', 'Ram 1500 Regular Cab', 'Pickup', 1),
(712, '15', 'Ram 3500 Crew Cab', 'Pickup', 1),
(713, '15', 'Ram 2500 Crew Cab', 'Pickup', 1),
(714, '15', 'Ram 3500 Mega Cab', 'Pickup', 1),
(715, '15', 'Ram 3500 Regular Cab', 'Pickup', 1),
(716, '6', 'E150 Super Duty Passenger', 'Van/Minivan', 1),
(717, '6', 'Explorer Sport Trac', 'Pickup', 1),
(718, '52', 'H3T', 'Pickup', 1),
(719, '52', 'H3', 'SUV', 1),
(720, '17', 'Rondo', 'Wagon', 1),
(721, '13', 'Commander', 'SUV', 1),
(722, '40', 'Murcielago', 'Coupe, Convertible', 1),
(723, '19', 'SC', 'Convertible', 1),
(724, '50', 'Mountaineer', 'SUV', 1),
(725, '53', 'Vibe', 'Wagon', 1),
(726, '53', 'G6', 'Sedan', 1),
(727, '53', 'G3', 'Hatchback', 1),
(728, '54', 'VUE', 'SUV', 1),
(729, '54', 'Outlook', 'SUV', 1),
(730, '30', 'New Beetle', 'Hatchback, Convertible', 1),
(731, '31', 'V70', 'Wagon', 1),
(732, '38', 'Arnage', 'Sedan', 1),
(733, '38', 'Azure', 'Convertible', 1),
(734, '2', 'XLR', 'Convertible', 1),
(735, '1', 'TrailBlazer', 'SUV', 1),
(736, '15', 'Ram 3500 Quad Cab', 'Pickup', 1),
(737, '5', 'Aspen', 'SUV', 1),
(738, '39', '430 Scuderia', 'Coupe, Convertible', 1),
(739, '15', 'Ram 2500 Quad Cab', 'Pickup', 1),
(740, '15', 'Sprinter 2500 Cargo', 'Van/Minivan', 1),
(741, '39', 'F430', 'Coupe, Convertible', 1),
(742, '6', 'Taurus X', 'SUV', 1),
(743, '10', 'Envoy', 'SUV', 1),
(744, '11', 'S2000', 'Convertible', 1),
(745, '52', 'H2', 'SUV', 1),
(746, '17', 'Amanti', 'Sedan', 1),
(747, '17', 'Borrego', 'SUV', 1),
(748, '17', 'Spectra', 'Sedan, Hatchback', 1),
(749, '18', 'LR3', 'SUV', 1),
(750, '23', 'B-Series Regular Cab', 'Pickup', 1),
(751, '20', 'CLK-Class', 'Coupe, Convertible', 1),
(752, '23', 'B-Series Extended Cab', 'Pickup', 1),
(753, '24', '350Z', 'Convertible', 1),
(754, '50', 'Sable', 'Sedan', 1),
(755, '20', 'SLR McLaren', 'Convertible', 1),
(756, '21', 'Raider Double Cab', 'Pickup', 1),
(757, '21', 'Raider Extended Cab', 'Pickup', 1),
(758, '53', 'G6 (2009.5)', 'Coupe, Sedan, Convertible', 1),
(759, '53', 'Solstice', 'Convertible, Coupe', 1),
(760, '53', 'G8', 'Sedan', 1),
(761, '54', 'Aura', 'Sedan', 1),
(762, '51', '9-7X', 'SUV', 1),
(763, '53', 'Torrent', 'SUV', 1),
(764, '53', 'G5', 'Coupe', 1),
(765, '54', 'SKY', 'Convertible', 1),
(766, '47', 'XL7', 'SUV', 1),
(767, '30', 'Rabbit', 'Hatchback', 1),
(768, '30', 'Touareg 2', 'SUV', 1),
(769, '30', 'GLI', 'Sedan', 1),
(770, '8', 'RS 4', 'Sedan, Convertible', 1),
(771, '4', 'Z4 M', 'Coupe, Convertible', 1),
(772, '4', 'Alpina B7', 'Sedan', 1),
(773, '1', 'Malibu (Classic)', 'Sedan', 1),
(774, '1', 'Uplander Cargo', 'Van/Minivan', 1),
(775, '5', 'Crossfire', 'Coupe, Convertible', 1),
(776, '1', 'Uplander Passenger', 'Van/Minivan', 1),
(777, '15', 'Sprinter 2500 Passenger', 'Van/Minivan', 1),
(778, '15', 'Magnum', 'Wagon', 1),
(779, '15', 'Ram 1500 Mega Cab', 'Pickup', 1),
(780, '15', 'Sprinter 3500 Cargo', 'Van/Minivan', 1),
(781, '12', 'Entourage', 'Van/Minivan', 1),
(782, '55', 'i-370 Extended Cab', 'Pickup', 1),
(783, '12', 'Tiburon', 'Hatchback', 1),
(784, '55', 'i-290 Extended Cab', 'Pickup', 1),
(785, '16', 'S-Type', 'Sedan', 1),
(786, '40', 'Murcielago LP640', 'Coupe, Convertible', 1),
(787, '55', 'Ascender', 'SUV', 1),
(788, '16', 'X-Type', 'Sedan, Wagon', 1),
(789, '55', 'i-370 Crew Cab', 'Pickup', 1),
(790, '41', 'Exige S', 'Coupe', 1),
(791, '22', 'Mark LT', 'Pickup', 1),
(792, '25', 'Cooper', 'Hatchback', 1),
(793, '53', 'Grand Prix', 'Sedan', 1),
(794, '54', 'Astra', 'Hatchback', 1),
(795, '47', 'Reno', 'Hatchback', 1),
(796, '29', 'Solara', 'Coupe, Convertible', 1),
(797, '30', 'R32', 'Hatchback', 1),
(798, '47', 'Forenza', 'Sedan, Wagon', 1),
(799, '7', 'Rendezvous', 'SUV', 1),
(800, '7', 'Terraza', 'Van/Minivan', 1),
(801, '7', 'Rainier', 'SUV', 1),
(802, '1', 'Silverado (Classic) 3500 Extended Cab', 'Pickup', 1),
(803, '1', 'Silverado (Classic) 2500 HD Crew Cab', 'Pickup', 1),
(804, '1', 'Silverado (Classic) 1500 Crew Cab', 'Pickup', 1),
(805, '1', 'Silverado (Classic) 1500 Regular Cab', 'Pickup', 1),
(806, '1', 'Silverado (Classic) 1500 Extended Cab', 'Pickup', 1),
(807, '1', 'Silverado (Classic) 1500 HD Crew Cab', 'Pickup', 1),
(808, '1', 'Silverado (Classic) 3500 Crew Cab', 'Pickup', 1),
(809, '1', 'Monte Carlo', 'Coupe', 1),
(810, '1', 'Silverado (Classic) 3500 Regular Cab', 'Pickup', 1),
(811, '1', 'Silverado (Classic) 2500 HD Regular Cab', 'Pickup', 1),
(812, '1', 'Silverado (Classic) 2500 HD Extended Cab', 'Pickup', 1),
(813, '15', 'Caravan Passenger', 'Van/Minivan', 1),
(814, '15', 'Caravan Cargo', 'Van/Minivan', 1),
(815, '15', 'Dakota Quad Cab', 'Pickup', 1),
(816, '15', 'Dakota Club Cab', 'Pickup', 1),
(817, '6', 'E250 Super Duty Cargo', 'Van/Minivan', 1),
(818, '6', 'E150 Super Duty Cargo', 'Van/Minivan', 1),
(819, '6', 'Freestar Cargo', 'Van/Minivan', 1),
(820, '6', 'Five Hundred', 'Sedan', 1),
(821, '10', 'Sierra (Classic) 1500 HD Crew Cab', 'Pickup', 1),
(822, '6', 'Freestar Passenger', 'Van/Minivan', 1),
(823, '10', 'Sierra (Classic) 3500 Crew Cab', 'Pickup', 1),
(824, '6', 'Freestyle', 'SUV', 1),
(825, '10', 'Sierra (Classic) 1500 Crew Cab', 'Pickup', 1),
(826, '10', 'Sierra (Classic) 1500 Extended Cab', 'Pickup', 1),
(827, '10', 'Sierra (Classic) 2500 HD Crew Cab', 'Pickup', 1),
(828, '10', 'Sierra (Classic) 1500 Regular Cab', 'Pickup', 1),
(829, '10', 'Sierra (Classic) 3500 Extended Cab', 'Pickup', 1),
(830, '10', 'Sierra (Classic) 3500 Regular Cab', 'Pickup', 1),
(831, '10', 'Sierra (Classic) 2500 HD Extended Cab', 'Pickup', 1),
(832, '10', 'Sierra (Classic) 2500 HD Regular Cab', 'Pickup', 1),
(833, '50', 'Montego', 'Sedan', 1),
(834, '50', 'Monterey', 'Van/Minivan', 1),
(835, '54', 'Relay', 'Van/Minivan', 1),
(836, '54', 'Ion', 'Sedan, Coupe', 1),
(837, '28', 'B9 Tribeca', 'SUV', 1),
(838, '47', 'Aerio', 'Sedan', 1),
(839, '3', 'RSX', 'Coupe', 1),
(840, '1', 'Avalanche 2500', 'Pickup', 1),
(841, '1', 'Avalanche 1500', 'Pickup', 1),
(842, '1', 'SSR', 'Pickup', 1),
(843, '1', 'Silverado 3500 Crew Cab', 'Pickup', 1),
(844, '1', 'Silverado 3500 Extended Cab', 'Pickup', 1),
(845, '1', 'Silverado 3500 Regular Cab', 'Pickup', 1),
(846, '1', 'Silverado 1500 HD Crew Cab', 'Pickup', 1),
(847, '15', 'Stratus', 'Sedan', 1),
(848, '6', 'GT', 'Coupe', 1),
(849, '10', 'Envoy XL', 'SUV', 1),
(850, '10', 'Sierra 3500 Crew Cab', 'Pickup', 1),
(851, '10', 'Sierra 1500 HD Crew Cab', 'Pickup', 1),
(852, '10', 'Sierra 3500 Extended Cab', 'Pickup', 1),
(853, '10', 'Sierra 3500 Regular Cab', 'Pickup', 1),
(854, '52', 'H1', 'Wagon, SUV', 1),
(855, '9', 'Q', 'Sedan', 1),
(856, '55', 'i-350 Crew Cab', 'Pickup', 1),
(857, '55', 'i-280 Extended Cab', 'Pickup', 1),
(858, '17', 'Optima (2006.5)', 'Sedan', 1),
(859, '22', 'LS', 'Sedan', 1),
(860, '35', 'GranSport', 'Coupe, Convertible', 1),
(861, '22', 'Zephyr', 'Sedan', 1),
(862, '35', 'Coupe', 'Coupe', 1),
(863, '23', 'MPV', 'Van/Minivan', 1),
(864, '21', 'Montero', 'SUV', 1),
(865, '56', 'Esperante', 'Coupe, Convertible', 1),
(866, '53', 'GTO', 'Coupe', 1),
(867, '53', 'Montana SV6', 'Van/Minivan', 1),
(868, '28', 'Baja', 'Pickup', 1),
(869, '45', 'xA', 'Hatchback', 1),
(870, '51', '9-2X', 'Wagon', 1),
(871, '47', 'XL-7', 'SUV', 1),
(872, '47', 'Verona', 'Sedan', 1),
(873, '29', 'Tundra Access Cab', 'Pickup', 1),
(874, '8', 'A4 (2005.5)', 'Sedan, Wagon', 1),
(875, '30', 'Phaeton', 'Sedan', 1),
(876, '7', 'Century', 'Sedan', 1),
(877, '8', 'S4 (2005.5)', 'Sedan, Wagon', 1),
(878, '7', 'Park Avenue', 'Sedan', 1),
(879, '1', 'Astro Cargo', 'Van/Minivan', 1),
(880, '2', 'DeVille', 'Sedan', 1),
(881, '7', 'LeSabre', 'Sedan', 1),
(882, '1', 'Classic', 'Sedan', 1),
(883, '1', 'Astro Passenger', 'Van/Minivan', 1),
(884, '1', 'Cavalier', 'Sedan, Coupe', 1),
(885, '1', 'Venture Passenger', 'Van/Minivan', 1),
(886, '1', 'Venture Cargo', 'Van/Minivan', 1),
(887, '15', 'Neon', 'Sedan', 1),
(888, '6', 'Excursion', 'SUV', 1),
(889, '10', 'Envoy XUV', 'SUV', 1),
(890, '10', 'Safari Cargo', 'Van/Minivan', 1),
(891, '6', 'Thunderbird', 'Convertible', 1),
(892, '10', 'Safari Passenger', 'Van/Minivan', 1),
(893, '12', 'XG350', 'Sedan', 1),
(894, '18', 'Freelander', 'SUV', 1),
(895, '53', 'Bonneville', 'Sedan', 1),
(896, '53', 'Aztek', 'SUV', 1),
(897, '53', 'Grand Am', 'Sedan, Coupe', 1),
(898, '53', 'Montana', 'Van/Minivan', 1),
(899, '53', 'Sunfire', 'Coupe', 1),
(900, '26', 'Carrera GT', 'Convertible', 1),
(901, '54', 'L-Series', 'Sedan', 1),
(902, '29', 'Celica', 'Hatchback', 1),
(903, '29', 'Echo', 'Sedan', 1),
(904, '29', 'MR2', 'Convertible', 1),
(905, '30', 'Jetta (New)', 'Sedan', 1),
(906, '2', 'Seville', 'Sedan', 1),
(907, '1', 'Silverado 2500 Extended Cab', 'Pickup', 1),
(908, '1', 'S10 Crew Cab', 'Pickup', 1),
(909, '1', 'Silverado 2500 Crew Cab', 'Pickup', 1),
(910, '1', 'Silverado 2500 Regular Cab', 'Pickup', 1),
(911, '5', '300M', 'Sedan', 1),
(912, '5', 'Concorde', 'Sedan', 1),
(913, '1', 'Tracker', 'SUV', 1),
(914, '15', 'Dakota Regular Cab', 'Pickup', 1),
(915, '15', 'Intrepid', 'Sedan', 1),
(916, '6', 'F150 (Heritage) Super Cab', 'Pickup', 1),
(917, '6', 'F150 (Heritage) Regular Cab', 'Pickup', 1),
(918, '10', 'Sierra 2500 Regular Cab', 'Pickup', 1),
(919, '10', 'Sonoma Crew Cab', 'Pickup', 1),
(920, '10', 'Sierra 2500 Crew Cab', 'Pickup', 1),
(921, '10', 'Sierra 2500 Extended Cab', 'Pickup', 1),
(922, '55', 'Axiom', 'SUV', 1),
(923, '55', 'Rodeo', 'SUV', 1),
(924, '9', 'I', 'Sedan', 1),
(925, '23', 'B-Series Cab Plus', 'Pickup', 1),
(926, '50', 'Marauder', 'Sedan', 1),
(927, '21', 'Diamante', 'Sedan', 1),
(928, '21', 'Montero Sport', 'SUV', 1),
(929, '57', 'Bravada', 'SUV', 1),
(930, '57', 'Alero', 'Coupe, Sedan', 1),
(931, '24', 'Pathfinder Armada', 'SUV', 1),
(932, '57', 'Silhouette', 'Van/Minivan', 1),
(933, '47', 'Vitara', 'SUV', 1),
(934, '31', 'S40 (New)', 'Sedan', 1),
(935, '29', 'Tacoma Xtracab', 'Pickup', 1),
(936, '31', 'V40', 'Wagon', 1),
(937, '3', 'CL', 'Coupe', 1),
(938, '4', 'Z8', 'Convertible', 1),
(939, '8', 'RS 6', 'Sedan', 1),
(940, '1', 'S10 Extended Cab', 'Pickup', 1),
(941, '1', 'S10 Regular Cab', 'Pickup', 1),
(942, '15', 'Ram Van 1500', 'Van/Minivan', 1),
(943, '15', 'Ram Van 2500', 'Van/Minivan', 1),
(944, '15', 'Ram Van 3500', 'Van/Minivan', 1),
(945, '6', 'Explorer Sport', 'SUV', 1),
(946, '6', 'Windstar Cargo', 'Van/Minivan', 1),
(947, '6', 'ZX2', 'Coupe', 1),
(948, '6', 'Windstar Passenger', 'Van/Minivan', 1),
(949, '10', 'Sonoma Extended Cab', 'Pickup', 1),
(950, '10', 'Sonoma Regular Cab', 'Pickup', 1),
(951, '55', 'Rodeo Sport', 'SUV', 1),
(952, '23', 'Protege5', 'Hatchback', 1),
(953, '23', 'Protege', 'Sedan', 1),
(954, '57', 'Aurora', 'Sedan', 1),
(955, '30', 'Eurovan', 'Van/Minivan', 1),
(956, '4', 'Z3', 'Convertible, Coupe', 1),
(957, '2', 'Eldorado', 'Coupe', 1),
(958, '4', 'M', 'Coupe, Convertible', 1),
(959, '1', 'Prizm', 'Sedan', 1),
(960, '5', 'Prowler', 'Convertible', 1),
(961, '58', 'Nubira', 'Sedan, Wagon', 1),
(962, '58', 'Leganza', 'Sedan', 1),
(963, '58', 'Lanos', 'Sedan, Hatchback', 1),
(964, '6', 'Econoline E250 Cargo', 'Van/Minivan', 1),
(965, '6', 'Econoline E350 Super Duty Passenger', 'Van/Minivan', 1),
(966, '15', 'Ram Wagon 2500', 'Van/Minivan', 1),
(967, '6', 'Econoline E150 Cargo', 'Van/Minivan', 1),
(968, '6', 'Econoline E150 Passenger', 'Van/Minivan', 1),
(969, '15', 'Ram Wagon 1500', 'Van/Minivan', 1),
(970, '6', 'Econoline E350 Super Duty Cargo', 'Van/Minivan', 1),
(971, '6', 'Escort', 'Sedan', 1),
(972, '15', 'Ram Wagon 3500', 'Van/Minivan', 1),
(973, '55', 'Trooper', 'SUV', 1),
(974, '18', 'Discovery Series II', 'SUV', 1),
(975, '22', 'Blackwood', 'Pickup', 1),
(976, '23', '626', 'Sedan', 1),
(977, '23', 'Millenia', 'Sedan', 1),
(978, '50', 'Villager', 'Van/Minivan', 1),
(979, '50', 'Cougar', 'Coupe', 1),
(980, '57', 'Intrigue', 'Sedan', 1),
(981, '54', 'S-Series', 'Coupe, Sedan', 1),
(982, '53', 'Firebird', 'Coupe, Convertible', 1),
(983, '47', 'Esteem', 'Sedan, Wagon', 1),
(984, '30', 'Cabrio', 'Convertible', 1),
(985, '3', 'Integra', 'Hatchback, Sedan', 1),
(986, '2', 'Catera', 'Sedan', 1),
(987, '1', 'Metro', 'Sedan', 1),
(988, '1', 'Lumina', 'Sedan', 1),
(989, '5', 'LHS', 'Sedan', 1),
(990, '15', 'Ram 1500 Club Cab', 'Pickup', 1),
(991, '10', 'Jimmy', 'SUV', 1),
(992, '11', 'Prelude', 'Coupe', 1),
(993, '12', 'XG300', 'Sedan', 1),
(994, '55', 'VehiCROSS', 'SUV', 1),
(995, '17', 'Sephia', 'Sedan', 1),
(996, '24', 'Frontier Regular Cab', 'Pickup', 1),
(997, '47', 'Swift', 'Hatchback', 1),
(998, '59', 'Neon', 'Sedan', 1),
(999, '30', 'Passat (New)', 'Sedan, Wagon', 1),
(1000, '1', '2500 HD Regular Cab', 'Pickup', 1),
(1001, '1', '2500 Crew Cab', 'Pickup', 1),
(1002, '1', '2500 HD Extended Cab', 'Pickup', 1),
(1003, '1', '3500 Crew Cab', 'Pickup', 1),
(1004, '1', '3500 Extended Cab', 'Pickup', 1),
(1005, '1', '3500 Regular Cab', 'Pickup', 1),
(1006, '1', 'Tahoe (New)', 'SUV', 1),
(1007, '5', 'Cirrus', 'Sedan', 1),
(1008, '5', 'Grand Voyager', 'Van/Minivan', 1),
(1009, '6', 'Contour', 'Sedan', 1),
(1010, '10', 'Yukon Denali', 'SUV', 1),
(1011, '10', 'Sierra (Classic) 2500 Crew Cab', 'Pickup', 1),
(1012, '55', 'Amigo', 'SUV', 1),
(1013, '55', 'Hombre Spacecab', 'Pickup', 1),
(1014, '55', 'Hombre Regular Cab', 'Pickup', 1),
(1015, '50', 'Mystique', 'Sedan', 1),
(1016, '59', 'Grand Voyager', 'Van/Minivan', 1),
(1017, '59', 'Breeze', 'Sedan', 1),
(1018, '59', 'Voyager', 'Van/Minivan', 1),
(1019, '59', 'Prowler', 'Convertible', 1),
(1020, '31', 'S70', 'Sedan', 1),
(1021, '3', 'SLX', 'SUV', 1),
(1022, '7', 'Riviera', 'Coupe', 1),
(1023, '1', '1500 Extended Cab', 'Pickup', 1),
(1024, '15', 'Ram 2500 Club Cab', 'Pickup', 1),
(1025, '6', 'Econoline E350 Cargo', 'Van/Minivan', 1),
(1026, '6', 'F250 Regular Cab', 'Pickup', 1),
(1027, '6', 'F250 Super Cab', 'Pickup', 1),
(1028, '10', '2500 Crew Cab', 'Pickup', 1),
(1029, '10', '3500 Regular Cab', 'Pickup', 1),
(1030, '10', '1500 Club Coupe', 'Pickup', 1),
(1031, '10', '3500 Extended Cab', 'Pickup', 1),
(1032, '10', '2500 HD Regular Cab', 'Pickup', 1),
(1033, '10', '2500 HD Extended Cab', 'Pickup', 1),
(1034, '10', '3500 Crew Cab', 'Pickup', 1),
(1035, '10', 'Suburban 2500', 'SUV', 1),
(1036, '10', 'Suburban 1500', 'SUV', 1),
(1037, '55', 'Oasis', 'Van/Minivan', 1),
(1038, '57', 'Cutlass', 'Sedan', 1),
(1039, '50', 'Tracer', 'Sedan, Wagon', 1),
(1040, '21', '3000GT', 'Hatchback', 1),
(1041, '57', 'LSS', 'Sedan', 1),
(1042, '57', '88', 'Sedan', 1),
(1043, '30', 'Cabrio (New)', 'Convertible', 1),
(1044, '30', 'Golf (New)', 'Hatchback', 1),
(1045, '30', 'GTI (New)', 'Hatchback', 1),
(1046, '8', 'Cabriolet', 'Convertible', 1),
(1047, '7', 'Skylark', 'Sedan', 1),
(1048, '1', '2500 Regular Cab', 'Pickup', 1),
(1049, '1', 'G-Series 1500', 'Van/Minivan', 1),
(1050, '1', '1500 Regular Cab', 'Pickup', 1),
(1051, '1', '2500 Extended Cab', 'Pickup', 1),
(1052, '1', 'G-Series 3500', 'Van/Minivan', 1),
(1053, '1', 'G-Series 2500', 'Van/Minivan', 1),
(1054, '6', 'Club Wagon', 'Van/Minivan', 1),
(1055, '60', 'Talon', 'Hatchback', 1),
(1056, '10', '2500 Club Coupe', 'Pickup', 1),
(1057, '10', '2500 Regular Cab', 'Pickup', 1),
(1058, '10', '1500 Regular Cab', 'Pickup', 1),
(1059, '10', '3500 Club Coupe', 'Pickup', 1),
(1060, '10', 'Sonoma Club Coupe Cab', 'Pickup', 1),
(1061, '10', '2500 HD Club Coupe', 'Pickup', 1),
(1062, '22', 'Mark VIII', 'Coupe', 1),
(1063, '24', '200SX', 'Coupe', 1),
(1064, '24', '240SX', 'Coupe', 1),
(1065, '57', 'Achieva', 'Sedan', 1),
(1066, '57', 'Regency', 'Sedan', 1),
(1067, '47', 'Sidekick', 'SUV', 1),
(1068, '53', 'Trans Sport', 'Van/Minivan', 1),
(1069, '29', 'Supra', 'Hatchback', 1),
(1070, '51', '900', 'Hatchback, Convertible', 1),
(1071, '29', 'T100 Regular Cab', 'Pickup', 1),
(1072, '51', '9000', 'Hatchback', 1),
(1073, '47', 'X-90', 'SUV', 1),
(1074, '29', 'T100 Xtracab', 'Pickup', 1),
(1075, '29', 'Tercel', 'Sedan', 1),
(1076, '6', 'Aerostar Passenger', 'Van/Minivan', 1),
(1077, '6', 'Aspire', 'Hatchback', 1),
(1078, '15', 'Ram 3500 Club Cab', 'Pickup', 1),
(1079, '6', 'Aerostar Cargo', 'Van/Minivan', 1),
(1080, '60', 'Vision', 'Sedan', 1),
(1081, '6', 'Probe', 'Hatchback', 1),
(1082, '6', 'F350 Crew Cab', 'Pickup', 1),
(1083, '6', 'F350 Regular Cab', 'Pickup', 1),
(1084, '6', 'F250 Crew Cab', 'Pickup', 1),
(1085, '6', 'F350 Super Cab', 'Pickup', 1),
(1086, '61', 'Metro', 'Coupe, Sedan', 1),
(1087, '61', 'Prizm', 'Sedan', 1),
(1088, '61', 'Tracker', 'SUV', 1),
(1089, '11', 'del Sol', 'Coupe', 1),
(1090, '9', 'J', 'Sedan', 1),
(1091, '18', 'Defender 90', 'SUV', 1),
(1092, '23', 'MX-6', 'Coupe', 1),
(1093, '24', 'Regular Cab', 'Pickup', 1),
(1094, '24', 'King Cab', 'Pickup', 1),
(1095, '57', 'Cutlass Supreme', 'Sedan, Coupe', 1),
(1096, '28', 'SVX', 'Coupe', 1),
(1097, '29', 'Paseo', 'Hatchback, Convertible', 1),
(1098, '29', 'Previa', 'Van/Minivan', 1),
(1099, '31', '850', 'Sedan, Wagon', 1),
(1100, '31', '960', 'Sedan, Wagon', 1),
(1101, '7', 'Roadmaster', 'Sedan, Wagon', 1),
(1102, '2', 'Fleetwood', 'Sedan', 1),
(1103, '1', 'Beretta', 'Coupe', 1),
(1104, '1', 'G-Series G30', 'Van/Minivan', 1),
(1105, '1', 'Lumina Passenger', 'Van/Minivan', 1),
(1106, '1', 'Sportvan G30', 'Van/Minivan', 1),
(1107, '1', 'Corsica', 'Sedan', 1),
(1108, '1', 'Lumina Cargo', 'Van/Minivan', 1),
(1109, '1', 'Caprice Classic', 'Sedan, Wagon', 1),
(1110, '5', 'New Yorker', 'Sedan', 1),
(1111, '15', 'Stealth', 'Hatchback', 1),
(1112, '6', 'Bronco', 'SUV', 1),
(1113, '60', 'Summit', 'Sedan, Coupe, Wagon', 1),
(1114, '10', 'Rally Wagon G3500', 'Van/Minivan', 1),
(1115, '10', 'Vandura G3500', 'Van/Minivan', 1),
(1116, '21', 'Mighty Max Regular Cab', 'Pickup', 1),
(1117, '24', '300ZX', 'Hatchback, Convertible', 1),
(1118, '57', 'Ciera', 'Sedan, Wagon', 1),
(1119, '57', '98', 'Sedan', 1),
(1120, '32', '164', 'Sedan', 1),
(1121, '8', '90', 'Sedan', 1),
(1122, '3', 'Legend', 'Coupe, Sedan', 1),
(1123, '1', '3500 HD Extended Cab', 'Pickup', 1),
(1124, '1', 'G-Series G20', 'Van/Minivan', 1),
(1125, '1', 'G-Series G10', 'Van/Minivan', 1),
(1126, '1', '3500 HD Regular Cab', 'Pickup', 1),
(1127, '5', 'LeBaron', 'Convertible', 1),
(1128, '1', 'Sportvan G20', 'Van/Minivan', 1),
(1129, '15', 'Spirit', 'Sedan', 1),
(1130, '10', 'Rally Wagon G2500', 'Van/Minivan', 1),
(1131, '10', 'Vandura G2500', 'Van/Minivan', 1),
(1132, '10', 'Vandura G1500', 'Van/Minivan', 1),
(1133, '12', 'Scoupe', 'Coupe', 1),
(1134, '55', 'Regular Cab', 'Pickup', 1),
(1135, '23', 'MX-3', 'Hatchback', 1),
(1136, '23', '929', 'Sedan', 1),
(1137, '21', 'Expo', 'Wagon', 1),
(1138, '23', 'RX-7', 'Hatchback', 1),
(1139, '59', 'Acclaim', 'Sedan', 1),
(1140, '57', 'Cutlass Ciera', 'Sedan, Wagon', 1),
(1141, '47', 'Samurai', 'SUV', 1),
(1142, '26', '968', 'Coupe, Convertible', 1),
(1143, '26', '928', 'Hatchback', 1),
(1144, '29', 'Regular Cab', 'Pickup', 1),
(1145, '30', 'Golf III', 'Hatchback', 1),
(1146, '8', 'Quattro', 'Sedan', 1),
(1147, '32', 'Spider', 'Convertible', 1),
(1148, '29', 'Xtra Cab', 'Pickup', 1),
(1149, '30', 'Jetta III', 'Sedan', 1),
(1150, '8', '100', 'Wagon, Sedan', 1),
(1151, '3', 'Vigor', 'Sedan', 1),
(1152, '31', '940', 'Sedan, Wagon', 1),
(1153, '1', 'S10 Blazer', 'SUV', 1),
(1154, '15', 'Ram Van B250', 'Van/Minivan', 1),
(1155, '15', 'Ram Wagon B350', 'Van/Minivan', 1),
(1156, '15', 'Colt', 'Sedan', 1),
(1157, '15', 'Ram Van B150', 'Van/Minivan', 1),
(1158, '15', 'Ram Van B350', 'Van/Minivan', 1),
(1159, '15', 'Ram Wagon B150', 'Van/Minivan', 1),
(1160, '15', 'Shadow', 'Hatchback', 1),
(1161, '15', 'Ram Wagon B250', 'Van/Minivan', 1),
(1162, '10', 'Rally Wagon 2500', 'Van/Minivan', 1),
(1163, '6', 'Tempo', 'Sedan', 1),
(1164, '10', 'Rally Wagon 3500', 'Van/Minivan', 1),
(1165, '10', 'Vandura 1500', 'Van/Minivan', 1),
(1166, '10', 'Vandura 3500', 'Van/Minivan', 1),
(1167, '10', 'Vandura 2500', 'Van/Minivan', 1),
(1168, '12', 'Excel', 'Hatchback, Sedan', 1),
(1169, '55', 'Spacecab', 'Pickup', 1),
(1170, '23', '323', 'Hatchback', 1),
(1171, '23', 'Navajo', 'SUV', 1),
(1172, '50', 'Capri', 'Convertible', 1),
(1173, '21', 'Mighty Max Macro Cab', 'Pickup', 1),
(1174, '21', 'Precis', 'Hatchback', 1),
(1175, '50', 'Topaz', 'Sedan', 1),
(1176, '59', 'Laser', 'Hatchback', 1),
(1177, '57', 'Cutlass Cruiser', 'Wagon', 1),
(1178, '59', 'Colt', 'Sedan', 1),
(1179, '59', 'Colt Vista', 'Wagon', 1),
(1180, '53', 'Sunbird', 'Sedan, Coupe, Convertible', 1),
(1181, '28', 'Loyale', 'Wagon', 1),
(1182, '59', 'Sundance', 'Hatchback', 1),
(1183, '28', 'Justy', 'Hatchback', 1),
(1184, '30', 'Corrado', 'Coupe', 1),
(1185, '2', 'Allante', 'Convertible', 1),
(1186, '2', 'Sixty Special', 'Sedan', 1),
(1187, '1', 'Lumina APV', 'Van/Minivan', 1),
(1188, '1', 'Sportvan G10', 'Van/Minivan', 1),
(1189, '1', 'APV Cargo', 'Van/Minivan', 1),
(1190, '15', 'D350 Club Cab', 'Pickup', 1),
(1191, '5', 'Fifth Ave', 'Sedan', 1),
(1192, '15', 'D250 Club Cab', 'Pickup', 1),
(1193, '15', 'D150 Club Cab', 'Pickup', 1),
(1194, '5', 'Imperial', 'Sedan', 1),
(1195, '15', 'D350 Regular Cab', 'Pickup', 1),
(1196, '15', 'D150 Regular Cab', 'Pickup', 1),
(1197, '15', 'D250 Regular Cab', 'Pickup', 1),
(1198, '15', 'Dynasty', 'Sedan', 1),
(1199, '15', 'Ram 50 Regular Cab', 'Pickup', 1),
(1200, '15', 'Daytona', 'Hatchback', 1),
(1201, '15', 'Ramcharger', 'SUV', 1),
(1202, '6', 'Festiva', 'Hatchback', 1),
(1203, '61', 'Storm', 'Coupe', 1),
(1204, '10', 'Rally Wagon 1500', 'Van/Minivan', 1),
(1205, '55', 'Stylus', 'Sedan', 1),
(1206, '18', 'Defender 110', 'SUV', 1),
(1207, '20', '300 E', 'Sedan', 1),
(1208, '20', '190 E', 'Sedan', 1),
(1209, '20', '300 D', 'Sedan', 1),
(1210, '20', '300 SD', 'Sedan', 1),
(1211, '20', '300 CE', 'Coupe, Convertible', 1),
(1212, '20', '500 SEL', 'Sedan', 1),
(1213, '20', '400 SEL', 'Sedan', 1),
(1214, '20', '500 SL', 'Convertible', 1),
(1215, '20', '500 E', 'Sedan', 1),
(1216, '20', '300 SL', 'Convertible', 1),
(1217, '20', '600 SEC', 'Coupe', 1),
(1218, '20', '300 TE', 'Wagon', 1),
(1219, '20', '400 E', 'Sedan', 1),
(1220, '20', '300 SE', 'Sedan', 1),
(1221, '20', '600 SL', 'Convertible', 1),
(1222, '20', '600 SEL', 'Sedan', 1),
(1223, '20', '500 SEC', 'Coupe', 1),
(1224, '24', 'NX', 'Hatchback', 1),
(1225, '53', 'LeMans', 'Hatchback, Sedan', 1),
(1226, '30', 'Cabriolet', 'Convertible', 1),
(1227, '30', 'Fox', 'Coupe, Sedan', 1),
(1228, '31', '240', 'Sedan, Wagon', 1),
(1229, '8', '80', 'Sedan', 1),
(1230, '2', 'Brougham', 'Sedan', 1),
(1231, '1', 'Caprice', 'Sedan, Wagon', 1),
(1232, '62', 'Rocky', 'SUV', 1),
(1233, '62', 'Charade', 'Sedan, Hatchback', 1),
(1234, '15', 'Monaco', 'Sedan', 1),
(1235, '60', 'Premier', 'Sedan', 1),
(1236, '10', 'Sonoma Club Cab', 'Pickup', 1),
(1237, '55', 'Impulse', 'Hatchback', 1),
(1238, '13', 'Comanche Regular Cab', 'Pickup', 1),
(1239, '22', 'Mark VII', 'Coupe', 1),
(1240, '20', '400 SE', 'Sedan', 1),
(1241, '24', 'Stanza', 'Sedan', 1),
(1242, '57', 'Toronado', 'Coupe', 1),
(1243, '57', 'Custom Cruiser', 'Wagon', 1),
(1244, '29', 'Cressida', 'Sedan', 1),
(1245, '31', '740', 'Wagon, Sedan', 1),
(1246, '8', 'A6 allroad', 'Wagon', 1),
(1247, '7', 'Encore GX', 'SUV', 1),
(1248, '2', 'CT4', 'Sedan', 1),
(1249, '6', 'Bronco Sport', 'SUV', 1),
(1250, '6', 'Transit Connect Cargo Van', 'Van/Minivan', 1),
(1251, '14', 'GV80', 'SUV', 1),
(1252, '11', 'CR-V Hybrid', 'SUV', 1),
(1253, '17', 'K5', 'Sedan', 1),
(1254, '13', 'Grand Cherokee L', 'SUV', 1),
(1255, '17', 'Seltos', 'SUV', 1),
(1256, '20', 'GLB', 'SUV', 1),
(1257, '26', '718 Spyder', 'Convertible', 1),
(1258, '63', '2', 'Hatchback', 1),
(1259, '64', 'R1S', 'SUV', 1),
(1260, '64', 'R1T', 'Pickup', 1),
(1261, '29', 'RAV4 Prime', 'SUV', 1),
(1262, '30', 'Atlas Cross Sport', 'SUV', 1),
(1263, '10', 'Hummer EV', 'Pickup', 1),
(1264, '13', 'Grand Wagoneer', 'SUV', 1);

-- --------------------------------------------------------

--
-- Table structure for table `car_types`
--

CREATE TABLE `car_types` (
  `type_id` int(11) NOT NULL,
  `type` varchar(50) NOT NULL,
  `status` int(11) NOT NULL
) ENGINE=InnoDB DEFAULT CHARSET=utf8;

--
-- Dumping data for table `car_types`
--

INSERT INTO `car_types` (`type_id`, `type`, `status`) VALUES
(1, 'Sedan', 1),
(2, 'SUV', 1),
(3, 'Coupe, Convertible', 1),
(4, 'Pickup', 1),
(5, 'Van/Minivan', 1),
(6, 'Convertible', 1),
(7, 'Hatchback, Sedan, Coupe', 1),
(8, 'Hatchback', 1),
(9, 'Coupe', 1),
(10, 'Sedan, Hatchback', 1),
(11, 'Wagon', 1),
(12, 'Convertible, Sedan, Coupe', 1),
(13, 'Coupe, Wagon, Sedan, Convertible', 1),
(14, 'Wagon, Sedan', 1),
(15, 'Sedan, Coupe', 1),
(16, 'SUV1992', 1),
(17, 'Convertible, Sedan', 1),
(18, 'Sedan, Coupe, Convertible', 1),
(19, 'Coupe, Sedan, Convertible', 1),
(20, 'Sedan, Wagon', 1),
(21, 'Convertible, Coupe', 1),
(22, 'Hatchback, Sedan', 1),
(23, 'Coupe, Sedan, Hatchback', 1),
(24, 'Sedan, Convertible, Coupe', 1),
(25, 'Coupe, Sedan, Wagon, Convertible', 1),
(26, 'Coupe, Convertible, Sedan, Wagon', 1),
(27, 'Convertible, Coupe, Hatchback', 1),
(28, 'SUV2020', 1),
(29, 'Sedan, Convertible', 1),
(30, 'Coupe, Convertible, Sedan', 1),
(31, 'Coupe, Sedan', 1),
(32, 'Coupe, Hatchback, Sedan', 1),
(33, 'Sedan, Coupe, Convertible, Wagon', 1),
(34, 'Convertible, Coupe, Sedan', 1),
(35, 'Hatchback, Convertible', 1),
(36, 'Convertible, Sedan, Coupe, Wagon', 1),
(37, 'Sedan, Coupe, Wagon, Convertible', 1),
(38, 'Convertible, Wagon, Coupe, Sedan', 1),
(39, 'Sedan, Coupe, Wagon', 1),
(40, 'Sedan, Hatchback, Coupe', 1),
(41, 'Sedan, Coupe, Hatchback', 1),
(42, 'Sedan, Wagon, Coupe, Convertible', 1),
(43, 'Coupe, Convertible, Wagon, Sedan', 1),
(44, 'Sedan, Wagon, Coupe', 1),
(45, 'Sedan, Convertible, Wagon', 1),
(46, 'Wagon, Convertible, Sedan', 1),
(47, 'Convertible, Wagon, Sedan', 1),
(48, 'Sedan, Convertible, Coupe, Wagon', 1),
(49, 'Convertible, Sedan, Wagon', 1),
(50, 'Sedan, Wagon, Convertible', 1),
(51, 'Wagon, Convertible', 1),
(52, 'Coupe, Sedan, Convertible, Wagon', 1),
(53, 'Hatchback, Sedan, Wagon', 1),
(54, 'SUV, Pickup', 1),
(55, 'Sedan, Hatchback, Wagon', 1),
(56, 'Wagon, Sedan, Convertible', 1),
(57, 'Wagon, SUV', 1),
(58, 'Sedan, Wagon, Hatchback', 1),
(59, 'Hatchback, Wagon', 1),
(60, 'Coupe, Sedan, Wagon', 1),
(61, 'Convertible, Hatchback', 1),
(62, 'SUV, Wagon', 1),
(63, 'Wagon, Sedan, Coupe', 1),
(64, 'Sedan, Wagon, Convertible, Coupe', 1),
(65, 'Coupe, Hatchback, Convertible, Sedan', 1),
(66, 'Wagon, Sedan, Hatchback', 1),
(67, 'Hatchback, Sedan, Convertible', 1),
(68, 'Coupe, Hatchback, Convertible', 1),
(69, 'Coupe, Wagon, Sedan', 1),
(70, 'Hatchback, Coupe, Convertible', 1),
(71, 'Hatchback, Coupe, Sedan, Convertible', 1),
(72, 'Hatchback, Convertible, Coupe', 1),
(73, 'Hatchback, Sedan, Coupe, Convertible', 1),
(74, 'Hatchback, Coupe', 1),
(75, 'Coupe, Hatchback', 1),
(76, 'Sedan, Hatchback, Convertible', 1),
(77, 'Coupe, Convertible, Hatchback', 1),
(78, 'Convertible,Sedan,Coupe', 1),
(79, 'Convertible,Coupe', 1),
(80, 'Coupe,Convertible', 1),
(81, 'Hatchback,Sedan', 1),
(82, 'Wagon,Sedan', 1);

-- --------------------------------------------------------

--
-- Table structure for table `category`
--

CREATE TABLE `category` (
  `id` int(11) NOT NULL,
  `title` varchar(255) NOT NULL,
  `address` varchar(100) NOT NULL,
  `click-counts` int(11) NOT NULL,
  `image` text NOT NULL,
  `status` int(11) NOT NULL
) ENGINE=InnoDB DEFAULT CHARSET=utf8mb4;

--
-- Dumping data for table `category`
--

INSERT INTO `category` (`id`, `title`, `address`, `click-counts`, `image`, `status`) VALUES
(1, 'Vehicles', 'categories/vehicles', 0, 'cars.png', 1),
(2, 'Property', 'category/property', 0, 'property.png', 1),
(3, 'Mobile Phones & Tablets', 'category/phones_tablets', 0, 'mobile.png', 1),
(5, 'Fashion', 'Products/Fashion', 0, 'glass-unix.png', 1),
(8, 'Electronics', '', 0, 'laptop.png', 1),
(9, 'Home, Furniture and Appliances', '', 0, 'furniture.png', 1),
(12, 'Health and Bueaty', '', 0, 'health.png', 1),
(16, 'Toys, Babies and Kids', '', 0, 'toys-kids.png', 1),
(17, 'Outdoor and Sports', '', 0, 'soccer.png', 1),
(20, 'Animals and Pets', '', 0, 'pets.png', 1);

-- --------------------------------------------------------

--
-- Table structure for table `conditions`
--

CREATE TABLE `conditions` (
  `condition_id` int(11) NOT NULL,
  `state` varchar(50) NOT NULL,
  `status` int(11) NOT NULL
) ENGINE=InnoDB DEFAULT CHARSET=utf8;

--
-- Dumping data for table `conditions`
--

INSERT INTO `conditions` (`condition_id`, `state`, `status`) VALUES
(1, 'Brand New', 1),
(2, 'Refurbished', 1),
(3, 'Used', 1);

-- --------------------------------------------------------

--
-- Table structure for table `header-navigation`
--

CREATE TABLE `header-navigation` (
  `id` int(11) NOT NULL,
  `title` varchar(20) NOT NULL,
  `address` varchar(100) NOT NULL,
  `click-counts` int(11) NOT NULL
) ENGINE=InnoDB DEFAULT CHARSET=utf8mb4;

-- --------------------------------------------------------

--
-- Table structure for table `hero`
--

CREATE TABLE `hero` (
  `id` int(11) NOT NULL,
  `title` varchar(50) NOT NULL,
  `sub_title` varchar(100) NOT NULL,
  `image` varchar(200) NOT NULL,
  `status` tinyint(4) NOT NULL DEFAULT 0
) ENGINE=InnoDB DEFAULT CHARSET=utf8mb4;

--
-- Dumping data for table `hero`
--

INSERT INTO `hero` (`id`, `title`, `sub_title`, `image`, `status`) VALUES
(1, 'Loreme enim repudiandae veniam.', 'Lorem iadipisicing elit. Facere beatae itaque fugiat perspiciatis v', 'location/image 1', 0),
(2, ' Expedita, unde necessitatibus cumque ', 'Lorem ipsum dolor sit,ipisicing elit. Facere beatae itaque fugiat perspiciatis v', 'location/image-2', 0);

-- --------------------------------------------------------

--
-- Table structure for table `lga`
--

CREATE TABLE `lga` (
  `State` varchar(50) DEFAULT NULL,
  `Lga` varchar(50) DEFAULT NULL,
  `Lgaid` int(11) NOT NULL
) ENGINE=MyISAM DEFAULT CHARSET=latin1 COMMENT='InnoDB free: 9216 kB';

--
-- Dumping data for table `lga`
--

INSERT INTO `lga` (`State`, `Lga`, `Lgaid`) VALUES
('RIVERS', 'Asaritoru', 2),
('IMO', 'Aboh mbaise', 3),
('OYO', 'Oluyole', 5),
('CROSS RIVER', 'Bekwara', 6),
('OGUN', 'Abeokuta east', 7),
('OGUN', 'Yemoji', 8),
('EDO', 'Etsakor', 9),
('DELTA', 'Ethiope west', 10),
('ANAMBRA', 'Idemili', 11),
('KOGI', 'Ijumu iyara', 12),
('KOGI', 'Mopa-muro', 13),
('ABIA', 'Aba north', 14),
('ABIA', 'Aba south', 15),
('ABIA', 'Arochukwu', 16),
('ABIA', 'Bende', 17),
('ABIA', 'Ikwuano', 18),
('ABIA', 'Isiala-ngwa north', 19),
('ABIA', 'Isiala-ngwa south', 20),
('ABIA', 'Isukwuato', 21),
('ABIA', 'Obiomangwa', 22),
('ABIA', 'Ohafia', 23),
('ABIA', 'Osisioma ngwa', 24),
('ABIA', 'Ugwunagbo', 25),
('ABIA', 'Ukwa east', 26),
('ABIA', 'Ukwa west', 27),
('ABIA', 'Umuahia north', 28),
('ABIA', 'Umuahia south', 29),
('ABIA', 'Umu-nneochi', 30),
('ADAMAWA', 'Demsa', 31),
('ADAMAWA', 'Fufore', 32),
('ADAMAWA', 'Ganye', 33),
('ADAMAWA', 'Girei', 34),
('ADAMAWA', 'Gombi', 35),
('ADAMAWA', 'Guyuk', 36),
('ADAMAWA', 'Hong', 37),
('ADAMAWA', 'Jada', 38),
('ADAMAWA', 'Lamurde', 39),
('ADAMAWA', 'Madagali', 40),
('ADAMAWA', 'Maiha', 41),
('ADAMAWA', 'Mayo-belwa', 42),
('ADAMAWA', 'Michika', 43),
('ADAMAWA', 'Mubi north', 44),
('ADAMAWA', 'Mubi south', 45),
('ADAMAWA', 'Numan', 46),
('ADAMAWA', 'Shelleng', 47),
('ADAMAWA', 'Song', 48),
('ADAMAWA', 'Toungo', 49),
('ADAMAWA', 'Yola north', 50),
('ADAMAWA', 'Yola south', 51),
('AKWA IBOM', 'Abak', 52),
('AKWA IBOM', 'Eastern obolo', 53),
('AKWA IBOM', 'Eket', 54),
('AKWA IBOM', 'Esit eket', 55),
('AKWA IBOM', 'Essien udim', 56),
('AKWA IBOM', 'Etim ekpo', 57),
('AKWA IBOM', 'Etinan', 58),
('AKWA IBOM', 'Ibeno', 59),
('AKWA IBOM', 'Ibesikpo asutan', 60),
('AKWA IBOM', 'Ibiono ibom', 61),
('AKWA IBOM', 'Ika', 62),
('AKWA IBOM', 'Ikono', 63),
('AKWA IBOM', 'Ikot abasi', 64),
('AKWA IBOM', 'Ikot ekpene', 65),
('AKWA IBOM', 'Ini', 66),
('AKWA IBOM', 'Itu', 67),
('AKWA IBOM', 'Mbo', 68),
('AKWA IBOM', 'Mkpat enin', 69),
('AKWA IBOM', 'Nsit atai', 70),
('AKWA IBOM', 'Nsit ibom', 71),
('AKWA IBOM', 'Nsit ubium', 72),
('AKWA IBOM', 'Uruan', 73),
('AKWA IBOM', 'Urue-offong/oruko', 74),
('AKWA IBOM', 'Uyo', 75),
('ANAMBRA', 'Aguata', 76),
('ANAMBRA', 'Anambra east', 77),
('ANAMBRA', 'Anambra west', 78),
('ANAMBRA', 'Anaocha', 79),
('ANAMBRA', 'Awka north', 80),
('ANAMBRA', 'Awka south', 81),
('ANAMBRA', 'Ayamelum', 82),
('ANAMBRA', 'Dunukofia', 83),
('ANAMBRA', 'Ekwusigo', 84),
('ANAMBRA', 'Idemili north', 85),
('ANAMBRA', 'Idemili south', 86),
('ANAMBRA', 'Ihiala', 87),
('ANAMBRA', 'Njikoka', 88),
('ANAMBRA', 'Nnewi north', 89),
('CROSS RIVER', 'Obanliku', 90),
('CROSS RIVER', 'Obubra', 91),
('CROSS RIVER', 'Obudu', 92),
('CROSS RIVER', 'Odukpani', 93),
('CROSS RIVER', 'Ogoja', 94),
('CROSS RIVER', 'Yakurr', 95),
('CROSS RIVER', 'Yala', 96),
('DELTA', 'Aniocha north', 97),
('DELTA', 'Aniocha south', 98),
('DELTA', 'Bomadi', 99),
('DELTA', 'Burutu', 100),
('DELTA', 'Ethiope east', 101),
('DELTA', 'Ethiope west', 102),
('DELTA', 'Ika north', 103),
('DELTA', 'Ika south', 104),
('DELTA', 'Isoko north', 105),
('DELTA', 'Isoko south', 106),
('DELTA', 'Ndokwa east', 107),
('DELTA', 'Ndokwa west', 108),
('DELTA', 'Okpe', 109),
('DELTA', 'Oshimili north', 110),
('DELTA', 'Oshimili south', 111),
('DELTA', 'Patani', 112),
('DELTA', 'Sapele', 113),
('DELTA', 'Udu', 114),
('DELTA', 'Ughelli north', 115),
('DELTA', 'Ughelli south', 116),
('DELTA', 'Ukwuani', 117),
('DELTA', 'Uvwie', 118),
('DELTA', 'Warri north', 119),
('DELTA', 'Warri south', 120),
('DELTA', 'Warri south west', 121),
('EBONYI', 'Abakaliki', 122),
('EBONYI', 'Afikpo north', 123),
('EBONYI', 'Afikpo south', 124),
('EBONYI', 'Ebonyi', 125),
('EBONYI', 'Ezza north', 126),
('EBONYI', 'Ezza south', 127),
('EBONYI', 'Ikwo', 128),
('EBONYI', 'Ishielu', 129),
('EBONYI', 'Ivo', 130),
('EBONYI', 'Izzi', 131),
('EBONYI', 'Ohaozara', 132),
('EBONYI', 'Ohaukwu', 133),
('EBONYI', 'Onicha', 134),
('EDO', 'Akoko-edo', 135),
('EDO', 'Egor', 136),
('EDO', 'Esan central', 137),
('EDO', 'Esan north east', 138),
('EDO', 'Esan south east', 139),
('EDO', 'Esan west', 140),
('EDO', 'Etsako central', 141),
('EDO', 'Etsako east', 142),
('EDO', 'Etsako west', 143),
('EDO', 'Igueben', 144),
('EDO', 'Ikpoba-okha', 145),
('EDO', 'Oredo', 146),
('EDO', 'Orhionmwon', 147),
('EDO', 'Ovia north east', 148),
('EDO', 'Ovia south west', 149),
('EDO', 'Owan east', 150),
('EDO', 'Owan west', 151),
('EDO', 'Uhunmwonde', 152),
('EKITI', 'Ado ekiti', 153),
('EKITI', 'Aiyekire', 154),
('EKITI', 'Efon', 155),
('EKITI', 'Ekiti east', 156),
('EKITI', 'Ekiti south west', 157),
('EKITI', 'Ekiti west', 158),
('EKITI', 'Emure', 159),
('EKITI', 'Ido-osi', 160),
('EKITI', 'Ijero', 161),
('EKITI', 'Ikere', 162),
('EKITI', 'Ikole', 163),
('EKITI', 'Ilejemeji', 164),
('EKITI', 'Irepodun/ifelodun', 165),
('EKITI', 'Ise/orun', 166),
('EKITI', 'Moba', 167),
('EKITI', 'Oye', 168),
('ENUGU', 'Aninri', 169),
('ENUGU', 'Awgu', 170),
('ENUGU', 'Enugu east', 171),
('ENUGU', 'Enugu north', 172),
('ENUGU', 'Enugu south', 173),
('ENUGU', 'Ezeagu', 174),
('ENUGU', 'Enugu', 175),
('ENUGU', 'Igbo-etit', 176),
('ENUGU', 'Igbo-eze north', 177),
('ENUGU', 'Igho-eze south', 178),
('ENUGU', 'Isi-uzo', 179),
('ENUGU', 'Nkanu east', 180),
('ENUGU', 'Nkanu west', 181),
('ANAMBRA', 'Nnewi south', 182),
('ANAMBRA', 'Ogbaru', 183),
('ANAMBRA', 'Onitsha north', 184),
('ANAMBRA', 'Onitsha south', 185),
('ANAMBRA', 'Orumba north', 186),
('ANAMBRA', 'Orumba south', 187),
('ANAMBRA', 'Oyi', 188),
('BAUCHI', 'Alkaleri', 189),
('BAUCHI', 'Bauchi', 190),
('BAUCHI', 'Bogoro', 191),
('BAUCHI', 'Damban', 192),
('BAUCHI', 'Darazo', 193),
('BAUCHI', 'Dass', 194),
('BAUCHI', 'Gamawa', 195),
('BAUCHI', 'Ganjuwa', 196),
('BAUCHI', 'Giade', 197),
('BAUCHI', 'Itas/gadau', 198),
('BAUCHI', 'Jama\'are', 199),
('BAUCHI', 'Katagun', 200),
('ZAMFARA', 'Gusau', 201),
('BAUCHI', 'Kirfi', 202),
('BAUCHI', 'Misau', 203),
('BAUCHI', 'Ningi', 204),
('BAUCHI', 'Shira', 205),
('BAUCHI', 'Tafawa-balewa', 206),
('BAUCHI', 'Toro', 207),
('BAUCHI', 'Warji', 208),
('BAUCHI', 'Zaki', 209),
('BAYELSA', 'Brass', 210),
('BAYELSA', 'Ekeremor', 211),
('BAYELSA', 'Kolokuma/opokuma', 212),
('BAYELSA', 'Nembe', 213),
('BAYELSA', 'Ogbia', 214),
('BAYELSA', 'Sagbama', 215),
('BAYELSA', 'Southern ijaw', 216),
('BAYELSA', 'Yenegoa', 217),
('BENUE', 'Ado', 218),
('BENUE', 'Agatu', 219),
('BENUE', 'Apa', 220),
('BENUE', 'Buruku', 221),
('BENUE', 'Gboko', 222),
('BENUE', 'Guma', 223),
('BENUE', 'Gwer east', 224),
('BENUE', 'Gwer west', 225),
('BENUE', 'Katsina-ala', 226),
('BENUE', 'Konshisha', 227),
('BENUE', 'Kwande', 228),
('BENUE', 'Logo', 229),
('BENUE', 'Makurdi', 230),
('BENUE', 'Obi', 231),
('BENUE', 'Ogbadibo', 232),
('BENUE', 'Oju', 233),
('BENUE', 'Okpokwu', 234),
('BENUE', 'Ohimini', 235),
('BENUE', 'Oturkpo', 236),
('BENUE', 'Tarka', 237),
('BENUE', 'Ukum', 238),
('BENUE', 'Ushongo', 239),
('BENUE', 'Vandeikya', 240),
('BORNO', 'Abadam', 241),
('BORNO', 'Askira/uba', 242),
('BORNO', 'Bama', 243),
('BORNO', 'Bayo', 244),
('BORNO', 'Biu', 245),
('BORNO', 'Chibok', 246),
('BORNO', 'Damboa', 247),
('BORNO', 'Dikwa', 248),
('BORNO', 'Gubio', 249),
('BORNO', 'Guzamala', 250),
('BORNO', 'Gwoza', 251),
('BORNO', 'Hawul', 252),
('BORNO', 'Jere', 253),
('BORNO', 'Kaga', 254),
('BORNO', 'Kala/balge', 255),
('BORNO', 'Konduga', 256),
('BORNO', 'Kukawa', 257),
('BORNO', 'Kwaya kusar', 258),
('BORNO', 'Mafa', 259),
('BORNO', 'Magumeri', 260),
('BORNO', 'Maiduguri', 261),
('BORNO', 'Marte', 262),
('BORNO', 'Mobbar', 263),
('BORNO', 'Monguno', 264),
('BORNO', 'Ngala', 265),
('BORNO', 'Nganzai', 266),
('BORNO', 'Shani', 267),
('CROSS RIVER', 'Abi', 268),
('CROSS RIVER', 'Akamkpa', 269),
('CROSS RIVER', 'Akpabuyo', 270),
('CROSS RIVER', 'Bakassi', 271),
('CROSS RIVER', 'Bekwara', 272),
('CROSS RIVER', 'Biase', 273),
('CROSS RIVER', 'Boki', 274),
('CROSS RIVER', 'Calabar-municipal', 275),
('CROSS RIVER', 'Calabar south', 276),
('CROSS RIVER', 'Etung', 277),
('CROSS RIVER', 'Ikom', 278),
('ENUGU', 'Nsukka', 279),
('ENUGU', 'Oji-river', 280),
('ENUGU', 'Udenu', 281),
('ENUGU', 'Udi', 282),
('ENUGU', 'Uzo-uwani', 283),
('GOMBE', 'Akko', 284),
('GOMBE', 'Balanga', 285),
('GOMBE', 'Billiri', 286),
('GOMBE', 'Dukku', 287),
('GOMBE', 'Funakaye', 288),
('GOMBE', 'Gombe', 289),
('GOMBE', 'Kaltungo', 290),
('GOMBE', 'Kwami', 291),
('GOMBE', 'Nafada', 292),
('GOMBE', 'Shomgom', 293),
('GOMBE', 'Yamaltu/deba', 294),
('IMO', 'Ahiazu-mbaise', 295),
('IMO', 'Ehime-mbano', 296),
('IMO', 'Ezinihitte', 297),
('IMO', 'Ideato north', 298),
('IMO', 'Ideato south', 299),
('IMO', 'Ihitte-uboma', 300),
('IMO', 'Ikeduru', 301),
('IMO', 'Isiala mbano', 302),
('IMO', 'Isu', 303),
('IMO', 'Mbaitoli', 304),
('IMO', 'Ngor-okpala', 305),
('IMO', 'Njaba', 306),
('IMO', 'Nwangele', 307),
('IMO', 'Nkwerre', 308),
('IMO', 'Obowo', 309),
('IMO', 'Oguta', 310),
('IMO', 'Ohaji/egbema', 311),
('IMO', 'Okigwe', 312),
('IMO', 'Orlu', 313),
('IMO', 'Orsu', 314),
('IMO', 'Oru east', 315),
('IMO', 'Oru west', 316),
('IMO', 'Owerri muni.', 317),
('IMO', 'Owerri north', 318),
('IMO', 'Owerri west', 319),
('IMO', 'Onuimo', 320),
('JIGAWA', 'Auyo', 321),
('JIGAWA', 'Babura', 322),
('JIGAWA', 'Birnin kudu', 323),
('JIGAWA', 'Biriniwa', 324),
('JIGAWA', 'Buji', 325),
('JIGAWA', 'Dutse', 326),
('JIGAWA', 'Gagarawa', 327),
('JIGAWA', 'Garki', 328),
('JIGAWA', 'Gumel', 329),
('JIGAWA', 'Guri', 330),
('JIGAWA', 'Gwaram', 331),
('JIGAWA', 'Gwiwa', 332),
('JIGAWA', 'Hadejia', 333),
('JIGAWA', 'Jahun', 334),
('JIGAWA', 'Kafin', 335),
('JIGAWA', 'Hausa', 336),
('JIGAWA', 'Kaugama', 337),
('JIGAWA', 'Kazaure', 338),
('JIGAWA', 'Kiri kasamma', 339),
('JIGAWA', 'Kiyawa', 340),
('JIGAWA', 'Maigatari', 341),
('JIGAWA', 'Malam madori', 342),
('JIGAWA', 'Miga', 343),
('JIGAWA', 'Ringim', 344),
('JIGAWA', 'Roni', 345),
('JIGAWA', 'Sule-tankarkar', 346),
('JIGAWA', 'Taura', 347),
('JIGAWA', 'Yankwashi', 348),
('KADUNA', 'Birnin-gwari', 349),
('KADUNA', 'Chikun', 350),
('KADUNA', 'Giwa', 351),
('KADUNA', 'Igabi', 352),
('KADUNA', 'Ikara', 353),
('KADUNA', 'Jaba', 354),
('KADUNA', 'Jema\'a', 355),
('KADUNA', 'Kachia', 356),
('KADUNA', 'Kaduna north', 357),
('KADUNA', 'Kaduna south', 358),
('KADUNA', 'Kagarko', 359),
('KADUNA', 'Kajuru', 360),
('KADUNA', 'Kaura', 361),
('KADUNA', 'Kubau', 362),
('KADUNA', 'Kudan', 363),
('KADUNA', 'Lere', 364),
('KADUNA', 'Makarfi', 365),
('KADUNA', 'Sabon-gari', 366),
('KADUNA', 'Sanga', 367),
('KADUNA', 'Soba', 368),
('KADUNA', 'Zangon-kataf', 369),
('KADUNA', 'Zaria', 370),
('KANO', 'Ajingi', 371),
('KANO', 'Albasu', 372),
('KANO', 'Bagwai', 373),
('KANO', 'Bebeji', 374),
('KANO', 'Bichi', 375),
('KANO', 'Bunkure', 376),
('KANO', 'Dala', 377),
('KANO', 'Dambatta', 378),
('KANO', 'Dawakin kudu', 379),
('KANO', 'Dawakin tofa', 380),
('KANO', 'Doguwa', 381),
('KANO', 'Fagge', 382),
('KANO', 'Gabasawa', 383),
('KANO', 'Garko', 384),
('KANO', 'Garum mallarn', 385),
('KANO', 'Gaya', 386),
('KANO', 'Gezawa', 387),
('KANO', 'Gwale', 388),
('KANO', 'Gwarzo', 389),
('KANO', 'Kabo', 390),
('KANO', 'Kano municipal', 391),
('KANO', 'Karaye', 392),
('KANO', 'Kibiya', 393),
('KANO', 'Kiru', 394),
('KANO', 'Kumbotso', 395),
('KANO', 'Kunchi', 396),
('KANO', 'Kura', 397),
('KANO', 'Madobi', 398),
('KANO', 'Makoda', 399),
('KANO', 'Minjibir', 400),
('KANO', 'Nasarawa', 401),
('KANO', 'Rano', 402),
('KANO', 'Rimin gado', 403),
('KANO', 'Rogo', 404),
('KANO', 'Shanono', 405),
('KANO', 'Sumaila', 406),
('KANO', 'Takai', 407),
('KANO', 'Tarauni', 408),
('KANO', 'Tofa', 409),
('KANO', 'Tsanyawa', 410),
('KANO', 'Tudun wada', 411),
('KANO', 'Ungogo', 412),
('KANO', 'Warawa', 413),
('KANO', 'Wudil', 414),
('KATSINA', 'Bakori', 415),
('KATSINA', 'Batagarawa', 416),
('KATSINA', 'Batsari', 417),
('KATSINA', 'Baure', 418),
('KATSINA', 'Bindawa', 419),
('KATSINA', 'Charanchi', 420),
('KATSINA', 'Dandume', 421),
('KATSINA', 'Danja', 422),
('KATSINA', 'Dan musa', 423),
('KATSINA', 'Daura', 424),
('KATSINA', 'Dutsi', 425),
('KATSINA', 'Dutsin-ma', 426),
('KATSINA', 'Faskari', 427),
('KATSINA', 'Funtua', 428),
('KATSINA', 'Ingawa', 429),
('KATSINA', 'Jibia', 430),
('KATSINA', 'Kafur', 431),
('KATSINA', 'Kaita', 432),
('KATSINA', 'Kankara', 433),
('KATSINA', 'Kankia', 434),
('KATSINA', 'Katsina', 435),
('KATSINA', 'Kurfi', 436),
('KATSINA', 'Kusada', 437),
('KATSINA', 'Mai\'adua', 438),
('KATSINA', 'Malumfashi', 439),
('KATSINA', 'Mani', 440),
('KATSINA', 'Mashi', 441),
('KATSINA', 'Matazu', 442),
('KATSINA', 'Musawa', 443),
('KATSINA', 'Rimi', 444),
('KATSINA', 'Sabuwa', 445),
('KATSINA', 'Safana', 446),
('KATSINA', 'Sandamu', 447),
('KATSINA', 'Zongo', 448),
('KEBBI', 'Aleiro', 449),
('KEBBI', 'Arewa-dandi', 450),
('KEBBI', 'Argungu', 451),
('KEBBI', 'Augie', 452),
('KEBBI', 'Bagudo', 453),
('KEBBI', 'Birnin kebbi', 454),
('KEBBI', 'Bunza', 455),
('KEBBI', 'Dandi', 456),
('KEBBI', 'Fakai', 457),
('KEBBI', 'Gwandu', 458),
('KEBBI', 'Jega', 459),
('KEBBI', 'Kalgo', 460),
('KEBBI', 'Koko/besse', 461),
('KEBBI', 'Maiyama', 462),
('KEBBI', 'Ngaski', 463),
('KEBBI', 'Sakaba', 464),
('KEBBI', 'Shanga', 465),
('KEBBI', 'Suru', 466),
('KEBBI', 'Wasagu/danko', 467),
('KEBBI', 'Yauri', 468),
('KEBBI', 'Zuru', 469),
('KOGI', 'Adavi', 470),
('KOGI', 'Ajaojuta', 471),
('KOGI', 'Ankpa', 472),
('KOGI', 'Bassa', 473),
('KOGI', 'Dekina', 474),
('KOGI', 'Ibaji', 475),
('KOGI', 'Igalamela-odolu', 476),
('KOGI', 'Ijumu', 477),
('KOGI', 'Ijumu', 478),
('KOGI', 'Kabba/bunu', 479),
('KOGI', 'Kogi', 480),
('KOGI', 'Lokoja', 481),
('KOGI', 'Mopa-muro', 482),
('KOGI', 'Ofu', 483),
('KOGI', 'Ogori/megongo', 484),
('KOGI', 'Okehi', 485),
('KOGI', 'Olamabolo', 486),
('KOGI', 'Omala', 487),
('KOGI', 'Yagba east', 488),
('KOGI', 'Yagba west', 489),
('KWARA', 'Asa', 490),
('KWARA', 'Baruten', 491),
('KWARA', 'Edu', 492),
('KWARA', 'Ekiti', 493),
('KWARA', 'Ifelodun', 494),
('KWARA', 'Ilorin south', 495),
('KWARA', 'Ilorin west', 496),
('KWARA', 'Irepodun', 497),
('KWARA', 'Isin', 498),
('KWARA', 'Kaiama', 499),
('KWARA', 'Moro', 500),
('KWARA', 'Offa', 501),
('KWARA', 'Oke-ero', 502),
('KWARA', 'Oyun', 503),
('KWARA', 'Pategi', 504),
('LAGOS', 'Agege', 505),
('LAGOS', 'Ajeromi-ifelodun', 506),
('LAGOS', 'Alimosho', 507),
('LAGOS', 'Amuwo-odofin', 508),
('LAGOS', 'Apapa', 509),
('LAGOS', 'Badagry', 510),
('LAGOS', 'Epe', 511),
('LAGOS', 'Eti-osa', 512),
('LAGOS', 'Ibeju/lekki', 513),
('LAGOS', 'Ifako-ijaye', 514),
('LAGOS', 'Ikeja', 515),
('LAGOS', 'Ikorodu', 516),
('LAGOS', 'Kosofe', 517),
('LAGOS', 'Lagos island', 518),
('LAGOS', 'Lagos mainland', 519),
('LAGOS', 'Mushin', 520),
('LAGOS', 'Ojo', 521),
('LAGOS', 'Oshodi-isolo', 522),
('LAGOS', 'Shomolu', 523),
('LAGOS', 'Surulere', 524),
('NASARAWA', 'Akwanga', 525),
('NASARAWA', 'Awe', 526),
('NASARAWA', 'Doma', 527),
('NASARAWA', 'Karu', 528),
('NASARAWA', 'Keana', 529),
('NASARAWA', 'Keffi', 530),
('NASARAWA', 'Kokona', 531),
('NASARAWA', 'Lafia', 532),
('NASARAWA', 'Nasarawa', 533),
('NASARAWA', 'Nasarawa-eggon', 534),
('NASARAWA', 'Obi', 535),
('NASARAWA', 'Toto', 536),
('NASARAWA', 'Wamba', 537),
('NIGER', 'Agaie', 538),
('NIGER', 'Agwara', 539),
('NIGER', 'Bida', 540),
('NIGER', 'Borgu', 541),
('NIGER', 'Bosso', 542),
('NIGER', 'Chanchaga', 543),
('NIGER', 'Edati', 544),
('NIGER', 'Gbako', 545),
('NIGER', 'Gurara', 546),
('NIGER', 'Katcha', 547),
('NIGER', 'Kontagora', 548),
('NIGER', 'Lapai', 549),
('NIGER', 'Lavun', 550),
('NIGER', 'Magama', 551),
('NIGER', 'Mariga', 552),
('NIGER', 'Mashegu', 553),
('NIGER', 'Mokwa', 554),
('NIGER', 'Muya', 555),
('NIGER', 'Paikoro', 556),
('NIGER', 'Rafi', 557),
('NIGER', 'Rajau', 558),
('NIGER', 'Shiroro', 559),
('NIGER', 'Suleja', 560),
('NIGER', 'Tafa', 561),
('NIGER', 'Wushishi', 562),
('OGUN', 'Abeokuta north', 563),
('OGUN', 'Abeokuta south', 564),
('OGUN', 'Ado-odo/ota', 565),
('OGUN', 'Egbado north', 566),
('OGUN', 'Egbado south', 567),
('OGUN', 'Ekwekoro', 568),
('OGUN', 'Ifo', 569),
('OGUN', 'Ijebu east', 570),
('OGUN', 'Ijebu north', 571),
('OGUN', 'Ijebu north east', 572),
('OGUN', 'Ijebu-ode', 573),
('OGUN', 'Ikenne', 574),
('OGUN', 'Imeko-afon', 575),
('OGUN', 'Ipokia', 576),
('OGUN', 'Obafemi-owode', 577),
('OGUN', 'Ogun waterside', 578),
('OGUN', 'Odeda', 579),
('OGUN', 'Odogbolu', 580),
('OGUN', 'Remo north', 581),
('OGUN', 'Shagamu', 582),
('ONDO', 'Akoko north east', 583),
('ONDO', 'Akoko north west', 584),
('ONDO', 'Akoko south east', 585),
('ONDO', 'Akoko south west', 586),
('ONDO', 'Akure north', 587),
('ONDO', 'Akuresouth', 588),
('ONDO', 'Ese-odo', 589),
('ONDO', 'Idanre', 590),
('ONDO', 'Ifedore', 591),
('ONDO', 'Ilaje', 592),
('ONDO', 'Ile-oluji-okeigbo', 593),
('ONDO', 'Irele', 594),
('ONDO', 'Odigbo', 595),
('ONDO', 'Okitipupa', 596),
('ONDO', 'Ondo east', 597),
('ONDO', 'Ondo west', 598),
('ONDO', 'Ose-owo', 599),
('OSUN', 'Aiyedade', 600),
('OSUN', 'Aiyedire', 601),
('OSUN', 'Atakumosa east', 602),
('OSUN', 'Atakumose-west', 603),
('OSUN', 'Boluwaduro', 604),
('OSUN', 'Boripe', 605),
('OSUN', 'Ede north', 606),
('OSUN', 'Ede south', 607),
('OSUN', 'Egbedore', 608),
('OSUN', 'Ejigbo', 609),
('OSUN', 'Ife central', 610),
('OSUN', 'Ife east', 611),
('OSUN', 'Ife north', 612),
('OSUN', 'Ife south', 613),
('OSUN', 'Ifedayo', 614),
('OSUN', 'Ifelodun', 615),
('OSUN', 'Ila', 616),
('OSUN', 'Ilasha east', 617),
('OSUN', 'Ilesha west', 618),
('OSUN', 'Irepodun', 619),
('OSUN', 'Irewole', 620),
('OSUN', 'Isokan', 621),
('OSUN', 'Iwo', 622),
('OSUN', 'Obokun', 623),
('OSUN', 'Odo-otin', 624),
('OSUN', 'Ola-oluwa', 625),
('OSUN', 'Olorunda', 626),
('OSUN', 'Oriade', 627),
('OSUN', 'Orolu', 628),
('OSUN', 'Osogbo', 629),
('OYO', 'Afijio', 630),
('OYO', 'Akinyele', 631),
('OYO', 'Atiba', 632),
('OYO', 'Atigbo', 633),
('OYO', 'Egbeda', 634),
('OYO', 'Ibadan central', 635),
('OYO', 'Ibadan north', 636),
('OYO', 'Ibadan north west', 637),
('OYO', 'Ibadan south west', 638),
('OYO', 'Ibadan south east', 639),
('OYO', 'Ibarapa central', 640),
('OYO', 'Ibarapa east', 641),
('OYO', 'Ibarapa north', 642),
('OYO', 'Ido', 643),
('OYO', 'Irepo', 644),
('OYO', 'Iseyin', 645),
('OYO', 'Itesiwaju', 646),
('OYO', 'Iwajowa', 647),
('OYO', 'Kajola', 648),
('OYO', 'Lagelu', 649),
('OYO', 'Ogbomoso north', 650),
('OYO', 'Ogbomoso south', 651),
('OYO', 'Ogo oluwa', 652),
('OYO', 'Olorunsogo', 653),
('OYO', 'Oluyole', 654),
('OYO', 'Ona-ara', 655),
('OYO', 'Orelope', 656),
('OYO', 'Ori ire', 657),
('OYO', 'Oyo east', 658),
('OYO', 'Oyo west', 659),
('OYO', 'Saki east', 660),
('OYO', 'Saki west', 661),
('OYO', 'Surelere', 662),
('PLATEAU', 'Barikin ladi', 663),
('PLATEAU', 'Bassa', 664),
('PLATEAU', 'Bokkos', 665),
('PLATEAU', 'Jos east', 666),
('PLATEAU', 'Jos north', 667),
('PLATEAU', 'Jos south', 668),
('PLATEAU', 'Kanam', 669),
('PLATEAU', 'Kanke', 670),
('PLATEAU', 'Langtang north', 671),
('PLATEAU', 'Langtang south', 672),
('PLATEAU', 'Mangu', 673),
('PLATEAU', 'Mikang', 674),
('PLATEAU', 'Pankshin', 675),
('PLATEAU', 'Qua\'an pan', 676),
('PLATEAU', 'Riyom', 677),
('PLATEAU', 'Shendam', 678),
('PLATEAU', 'Wase', 679),
('RIVERS', 'Abua/odual', 680),
('RIVERS', 'Ahoada east', 681),
('RIVERS', 'Ahoada west', 682),
('RIVERS', 'Akuku toru', 683),
('RIVERS', 'Andoni', 684),
('RIVERS', 'Asari-toru', 685),
('RIVERS', 'Bonny', 686),
('RIVERS', 'Degema', 687),
('RIVERS', 'Emohua', 688),
('RIVERS', 'Eleme', 689),
('RIVERS', 'Etche', 690),
('RIVERS', 'Gokana', 691),
('RIVERS', 'Ikwerre', 692),
('RIVERS', 'Khana', 693),
('RIVERS', 'Obia/akpor', 694),
('RIVERS', 'Ogba/egbema/ndoni', 695),
('RIVERS', 'Ogu/bolo', 696),
('RIVERS', 'Okrika', 697),
('RIVERS', 'Omumma', 698),
('RIVERS', 'Opobo/nkoro', 699),
('RIVERS', 'Oyigbo', 700),
('RIVERS', 'Port harcourt', 701),
('RIVERS', 'Tai', 702),
('SOKOTO', 'Binji', 703),
('SOKOTO', 'Bodinga', 704),
('SOKOTO', 'Dange-shuni', 705),
('SOKOTO', 'Gada', 706),
('SOKOTO', 'Goronyo', 707),
('SOKOTO', 'Gudu', 708),
('SOKOTO', 'Gwadabawa', 709),
('SOKOTO', 'Illela', 710),
('SOKOTO', 'Isa', 711),
('SOKOTO', 'Kware', 712),
('SOKOTO', 'Kebbe', 713),
('SOKOTO', 'Rabah', 714),
('SOKOTO', 'Sabon birni', 715),
('SOKOTO', 'Shagari', 716),
('SOKOTO', 'Silame', 717),
('SOKOTO', 'Sokoto north', 718),
('SOKOTO', 'Sokoto south', 719),
('SOKOTO', 'Tambuwal', 720),
('SOKOTO', 'Tangaza', 721),
('SOKOTO', 'Tureta', 722),
('SOKOTO', 'Wamakko', 723),
('SOKOTO', 'Wurno', 724),
('SOKOTO', 'Yabo', 725),
('TARABA', 'Ardo-kola', 726),
('TARABA', 'Bali', 727),
('TARABA', 'Donga', 728),
('TARABA', 'Gashaka', 729),
('TARABA', 'Gassol', 730),
('TARABA', 'Ibi', 731),
('TARABA', 'Jalingo', 732),
('TARABA', 'Karim-lamido', 733),
('TARABA', 'Kurmi', 734),
('TARABA', 'Lau', 735),
('TARABA', 'Sarduana', 736),
('TARABA', 'Takum', 737),
('TARABA', 'Ussa', 738),
('TARABA', 'Wukari', 739),
('TARABA', 'Yorro', 740),
('TARABA', 'Zing', 741),
('YOBE', 'Bade', 742),
('YOBE', 'Bursari', 743),
('YOBE', 'Damaturu', 744),
('YOBE', 'Fika', 745),
('YOBE', 'Fune', 746),
('YOBE', 'Geidam', 747),
('YOBE', 'Gujba', 748),
('YOBE', 'Gulani', 749),
('YOBE', 'Jakusko', 750),
('YOBE', 'Karasuwa', 751),
('YOBE', 'Machina', 752),
('YOBE', 'Nangere', 753),
('YOBE', 'Nguru', 754),
('YOBE', 'Potiskum', 755),
('YOBE', 'Tarmua', 756),
('YOBE', 'Yunusari', 757),
('YOBE', 'Yusufari', 758),
('ZAMFARA', 'Anka', 759),
('ZAMFARA', 'Bakurna', 760),
('ZAMFARA', 'Birnin magaji', 761),
('ZAMFARA', 'Bukkuyum', 762),
('ZAMFARA', 'Bungudu', 763),
('ZAMFARA', 'Gummi', 764),
('ZAMFARA', 'Kaura namoda', 765),
('ZAMFARA', 'Maradun', 766),
('ZAMFARA', 'Maru', 767),
('ZAMFARA', 'Shinkafi', 768),
('ZAMFARA', 'Talata', 769),
('ZAMFARA', 'Mafara', 770),
('ZAMFARA', 'Tsafe', 771),
('ZAMFARA', 'Zumi', 772),
('NASARAWA', 'Eggon', 773),
('ONDO', 'Ile oluji', 774),
('OGUN', 'Sagamu', 775),
('OGUN', 'Opeji', 776),
('OGUN', 'Ijebu ode', 777),
('EDO', 'Ishan', 778),
('ONDO', 'Ondo central', 779),
('BENUE', 'Otukpo', 780),
('ABUJA', 'Abaji', 781),
('ABUJA', 'Abuja muni.', 782),
('ABUJA', 'Bwari', 783),
('ABUJA', 'Gwagwalada', 784),
('ABUJA', 'Kuje', 785),
('ABUJA', 'Kwali', 786),
('IMO', 'Ehime mbano', 787),
('ENUGU', 'Oji river', 788),
('OYO', 'Ogbomosho', 789),
('ONDO', 'Akure south', 790),
('CROSS RIVER', 'Odupani', 791),
('IMO', 'Ngor okpala', 792),
('BENUE', 'Ador', 793),
('AKWA IBOM', 'Okobo', 794),
('KOGI', 'Idah', 795),
('ABIA', 'Ugwunagbor', 796),
('RIVERS', 'Ogba/Egbem/Noom', 797),
('KOGI', 'Okene', 798),
('ONDO', 'Akoko', 799),
('ONDO', 'Owo', 800),
('KEBBI', 'Kamba', 801),
('OGUN', 'Water side', 802),
('OGUN', 'Egado South', 803),
('OGUN', 'Imeko Afon', 804),
('PLATEAU', 'Panilshin', 805),
('ONDO', 'Ikalo', 806),
('LAGOS', 'Eredo', 807),
('KATSINA', 'Manufanoti', 808),
('SOKOTO', 'Kofa atiku', 809),
('AKWA IBOM', 'Onna', 811),
('AKWA IBOM', 'Udium', 812),
('OGUN', 'Ake', 813),
('EDO', 'Uromi', 814),
('AKWA IBOM', 'Oron', 815),
('AKWA IBOM', 'Oruk', 816),
('DELTA', 'Aniocha', 817),
('ONDO', 'Ose', 818),
('KWARA', 'Oro', 819),
('OGUN', 'Yewa', 820),
('OGUN', 'Yewa South', 821),
('OGUN', 'Yewa North', 822),
('RIVERS', 'Opobo/Nkoro', 823),
('RIVERS', 'Onelga', 824),
('BORNO', 'Maiduguri .M.C', 826),
('F.C.T.', 'AMAC', 827);

-- --------------------------------------------------------

--
-- Table structure for table `messages`
--

CREATE TABLE `messages` (
  `message_id` bigint(20) NOT NULL,
  `sender_name` varchar(255) NOT NULL,
  `sender_tel` varchar(255) NOT NULL,
  `sender_email` varchar(255) NOT NULL,
  `message` text NOT NULL,
  `date` datetime NOT NULL,
  `product_code` bigint(20) NOT NULL,
  `seller_id` varchar(255) NOT NULL,
  `status` tinyint(4) NOT NULL
) ENGINE=InnoDB DEFAULT CHARSET=utf8mb4;

--
-- Dumping data for table `messages`
--

INSERT INTO `messages` (`message_id`, `sender_name`, `sender_tel`, `sender_email`, `message`, `date`, `product_code`, `seller_id`, `status`) VALUES
(1, 'collins', '9549859486', 'collin@email.com', 'this is a test message', '2021-07-11 16:54:53', 88230249, 'AG-8614937', 0),
(2, 'mark', '0908465766', 'collin@email.com', 'this is a test message', '2021-07-11 17:02:22', 88230249, 'AG-8614937', 0),
(3, 'mark', '0908465766', 'collin@email.com', 'this is a test message', '2021-07-11 17:15:56', 55598537, 'AG-91933000', 0),
(4, 'mark', '07086483449', 'collin@email.com', 'this is a test message', '2021-07-11 17:21:34', 55598537, 'AG-91933000', 0),
(5, 'mark', '07086483449', 'collin@email.com', 'this is a test message another test message', '2021-07-11 17:34:36', 55598537, 'AG-91933000', 0),
(6, 'mark', '07086483449', 'collin@email.com', 'this is a test message another test message', '2021-07-11 17:36:04', 55598537, 'AG-91933000', 0);

-- --------------------------------------------------------

--
-- Table structure for table `most_view`
--

CREATE TABLE `most_view` (
  `id` int(11) NOT NULL,
  `product_code` int(11) NOT NULL,
  `view_count` int(11) NOT NULL,
  `status` tinyint(4) NOT NULL
) ENGINE=InnoDB DEFAULT CHARSET=utf8mb4;

--
-- Dumping data for table `most_view`
--

INSERT INTO `most_view` (`id`, `product_code`, `view_count`, `status`) VALUES
(1, 12344, 100, 1),
(3, 646376, 6, 1),
(4, 66554, 200, 1);

-- --------------------------------------------------------

--
-- Table structure for table `pages`
--

CREATE TABLE `pages` (
  `id` int(11) NOT NULL,
  `title` varchar(40) NOT NULL,
  `address` varchar(100) NOT NULL
) ENGINE=InnoDB DEFAULT CHARSET=utf8mb4;

-- --------------------------------------------------------

--
-- Table structure for table `phone_makes`
--

CREATE TABLE `phone_makes` (
  `phone_make_id` int(11) NOT NULL,
  `make` varchar(50) NOT NULL,
  `status` int(11) NOT NULL
) ENGINE=InnoDB DEFAULT CHARSET=utf8;

--
-- Dumping data for table `phone_makes`
--

INSERT INTO `phone_makes` (`phone_make_id`, `make`, `status`) VALUES
(1, 'Acer', 1),
(2, 'alcatel', 1),
(3, 'Allview', 1),
(4, 'Amazon', 1),
(5, 'Amoi', 1),
(6, 'Apple', 1),
(7, 'Archos', 1),
(8, 'Asus', 1),
(9, 'AT&T', 1),
(10, 'Benefon', 1),
(11, 'BenQ', 1),
(12, 'BenQ-Siemens', 1),
(13, 'Bird', 1),
(14, 'BlackBerry', 1),
(15, 'Blackview', 1),
(16, 'BLU', 1),
(17, 'Bosch', 1),
(18, 'BQ', 1),
(19, 'Casio', 1),
(20, 'Cat', 1),
(21, 'Celkon', 1),
(22, 'Chea', 1),
(23, 'Coolpad', 1),
(24, 'Dell', 1),
(25, 'Emporia', 1),
(26, 'Energizer', 1),
(27, 'Ericsson', 1),
(28, 'Eten', 1),
(29, 'Fujitsu Siemens', 1),
(30, 'Garmin-Asus', 1),
(31, 'Gigabyte', 1),
(32, 'Gionee', 1),
(33, 'Google', 1),
(34, 'Haier', 1),
(35, 'Honor', 1),
(36, 'HP', 1),
(37, 'HTC', 1),
(38, 'Huawei', 1),
(39, 'Icemobile', 1),
(40, 'i-mate', 1),
(41, 'i-mobile', 1),
(42, 'Infinix', 1),
(43, 'Innostream', 1),
(44, 'iNQ', 1),
(45, 'Intex', 1),
(46, 'Jolla', 1),
(47, 'Karbonn', 1),
(48, 'Kyocera', 1),
(49, 'Lava', 1),
(50, 'LeEco', 1),
(51, 'Lenovo', 1),
(52, 'LG', 1),
(53, 'Maxon', 1),
(54, 'Maxwest', 1),
(55, 'Meizu', 1),
(56, 'Micromax', 1),
(57, 'Microsoft', 1),
(58, 'Mitac', 1),
(59, 'Mitsubishi', 1),
(60, 'Modu', 1),
(61, 'Motorola', 1),
(62, 'MWg', 1),
(63, 'NEC', 1),
(64, 'Neonode', 1),
(65, 'NIU', 1),
(66, 'Nokia', 1),
(67, 'Nvidia', 1),
(68, 'O2', 1),
(69, 'OnePlus', 1),
(70, 'Oppo', 1),
(71, 'Orange', 1),
(72, 'Palm', 1),
(73, 'Panasonic', 1),
(74, 'Pantech', 1),
(75, 'Parla', 1),
(76, 'Philips', 1),
(77, 'Plum', 1),
(78, 'Posh', 1),
(79, 'Prestigio', 1),
(80, 'QMobile', 1),
(81, 'Qtek', 1),
(82, 'Razer', 1),
(83, 'Realme', 1),
(84, 'Sagem', 1),
(85, 'Samsung', 1),
(86, 'Sendo', 1),
(87, 'Sewon', 1),
(88, 'Sharp', 1),
(89, 'Siemens', 1),
(90, 'Sonim', 1),
(91, 'Sony', 1),
(92, 'Sony Ericsson', 1),
(93, 'Spice', 1),
(94, 'TCL', 1),
(95, 'TECNO', 1),
(96, 'Tel.Me.', 1),
(97, 'Telit', 1),
(98, 'Thuraya', 1),
(99, 'T-Mobile', 1),
(100, 'Toshiba', 1),
(101, 'Ulefone', 1),
(102, 'Unnecto', 1),
(103, 'Vertu', 1),
(104, 'verykool', 1),
(105, 'vivo', 1),
(106, 'VK Mobile', 1),
(107, 'Vodafone', 1),
(108, 'Wiko', 1),
(109, 'WND', 1),
(110, 'XCute', 1),
(111, 'Xiaomi', 1),
(112, 'XOLO', 1),
(113, 'Yezz', 1),
(114, 'Yota', 1),
(115, 'YU', 1),
(116, 'ZTE', 1);

-- --------------------------------------------------------

--
-- Table structure for table `phone_models`
--

CREATE TABLE `phone_models` (
  `model_id` int(11) NOT NULL,
  `make_id` varchar(25) NOT NULL,
  `model` varchar(50) NOT NULL,
  `status` int(11) NOT NULL
) ENGINE=InnoDB DEFAULT CHARSET=utf8;

--
-- Dumping data for table `phone_models`
--

INSERT INTO `phone_models` (`model_id`, `make_id`, `model`, `status`) VALUES
(1, '95', 'Spark Plus', 1),
(2, '95', 'Camon CX Air', 1),
(3, '95', 'Spark Pro', 1),
(4, '95', 'Camon CX Manchester City LE', 1),
(5, '95', 'Phantom 6', 1),
(6, '95', 'Camon CX', 1),
(7, '95', 'Pop 1 Lite', 1),
(8, '95', 'Pouvoir 2', 1),
(9, '95', 'Pouvoir 2 Pro', 1),
(10, '95', 'Pop 1 Pro', 1),
(11, '95', 'Phantom 6 Plus', 1),
(12, '95', 'Pop 1s', 1),
(13, '95', 'Pouvoir 1', 1),
(14, '95', 'Camon X', 1),
(15, '95', 'Pop 1', 1),
(16, '95', 'Spark 2', 1),
(17, '95', 'Spark CM', 1),
(18, '95', 'Camon X Pro', 1),
(19, '95', 'Spark', 1),
(20, '95', 'Phantom 8', 1),
(21, '95', 'Camon CM', 1),
(22, '95', 'Camon 11', 1),
(23, '95', 'F2 LTE', 1),
(24, '95', 'F2', 1),
(25, '95', 'Camon 11 Pro', 1),
(26, '1', ' Liquid Jade 2', 1),
(27, '1', ' Liquid Zest', 1),
(28, '1', ' Predator 8', 1),
(29, '1', ' Jade Primo', 1),
(30, '1', ' Liquid Z330', 1),
(31, '1', ' Liquid Z320', 1),
(32, '1', ' Liquid Z630S', 1),
(33, '1', ' Liquid Z630', 1),
(34, '1', ' Liquid Z530S', 1),
(35, '1', ' Liquid Z530', 1),
(36, '1', ' Liquid M330', 1),
(37, '1', ' Liquid M320', 1),
(38, '1', ' Iconia Tab 10 A3-A30', 1),
(39, '1', ' Iconia One 8 B1-820', 1),
(40, '1', ' iconia Tab A3-A20', 1),
(41, '1', ' Iconia Tab A3-A20FHD', 1),
(42, '1', ' Liquid Jade Z', 1),
(43, '1', ' Liquid Z520', 1),
(44, '1', ' Liquid Z220', 1),
(45, '1', ' Liquid M220', 1),
(46, '1', ' Liquid Z410', 1),
(47, '1', ' Liquid Jade S', 1),
(48, '1', ' Liquid Z500', 1),
(49, '1', ' Liquid X1', 1),
(50, '1', ' Liquid Jade', 1),
(51, '1', ' Liquid E700', 1),
(52, '1', ' Liquid E600', 1),
(53, '1', ' Liquid Z200', 1),
(54, '1', ' Iconia Tab 8 A1-840FHD', 1),
(55, '1', ' Iconia Tab 7 A1-713HD', 1),
(56, '1', ' Iconia Tab 7 A1-713', 1),
(57, '1', ' Iconia One 7 B1-730', 1),
(58, '1', ' Liquid E3 Duo Plus', 1),
(59, '1', ' Liquid E3', 1),
(60, '1', ' Liquid Z4', 1),
(61, '1', ' Iconia B1-721', 1),
(62, '1', ' Iconia B1-720', 1),
(63, '1', ' Iconia A1-830', 1),
(64, '1', ' Liquid Z5', 1),
(65, '1', ' Liquid S2', 1),
(66, '1', ' Liquid Z3', 1),
(67, '1', ' Liquid S1', 1),
(68, '1', ' Iconia Tab A3', 1),
(69, '1', ' Iconia Tab A1-811', 1),
(70, '1', ' Iconia Tab A1-810', 1),
(71, '1', ' Liquid E2', 1),
(72, '1', ' Liquid C1', 1),
(73, '1', ' Liquid E1', 1),
(74, '1', ' Iconia Tab B1-710', 1),
(75, '1', ' Iconia Tab B1-A71', 1),
(76, '1', ' Iconia Tab A110', 1),
(77, '1', ' Liquid Z110', 1),
(78, '1', ' Liquid Gallant E350', 1),
(79, '1', ' Liquid Gallant Duo', 1),
(80, '1', ' Liquid Glow E330', 1),
(81, '1', ' CloudMobile S500', 1),
(82, '1', ' Iconia Tab A210', 1),
(83, '1', ' Iconia Tab A200', 1),
(84, '1', ' Iconia Tab A701', 1),
(85, '1', ' Iconia Tab A700', 1),
(86, '1', ' Iconia Tab A511', 1),
(87, '1', ' Iconia Tab A510', 1),
(88, '1', ' Allegro', 1),
(89, '1', ' Liquid Express E320', 1),
(90, '1', ' Iconia Tab A501', 1),
(91, '1', ' Iconia Smart', 1),
(92, '1', ' Iconia Tab A500', 1),
(93, '1', ' Iconia Tab A101', 1),
(94, '1', ' Iconia Tab A100', 1),
(95, '1', ' Liquid mini E310', 1),
(96, '1', ' beTouch E210', 1),
(97, '1', ' beTouch E140', 1),
(98, '1', ' Liquid mt', 1),
(99, '1', ' beTouch T500', 1),
(100, '1', ' beTouch E130', 1),
(101, '1', ' beTouch E120', 1),
(102, '1', ' Stream', 1),
(103, '1', ' Liquid E', 1),
(104, '1', ' neoTouch P400', 1),
(105, '1', ' beTouch E400', 1),
(106, '1', ' neoTouch P300', 1),
(107, '1', ' beTouch E110', 1),
(108, '1', ' Liquid', 1),
(109, '1', ' neoTouch', 1),
(110, '1', ' beTouch E200', 1),
(111, '1', ' beTouch E100', 1),
(112, '1', ' beTouch E101', 1),
(113, '1', ' DX650', 1),
(114, '1', ' M900', 1),
(115, '1', ' F900', 1),
(116, '1', ' X960', 1),
(117, '1', ' Liquid Z2', 1),
(118, '6', 'iPad 10.2', 1),
(119, '6', 'iPad 2 CDMA', 1),
(120, '6', 'iPad 2 Wi-Fi', 1),
(121, '6', 'iPad 2 Wi-Fi + 3G', 1),
(122, '6', 'iPad 3 Wi-Fi', 1),
(123, '6', 'iPad 3 Wi-Fi + Cellular', 1),
(124, '6', 'iPad 4 Wi-Fi', 1),
(125, '6', 'iPad 4 Wi-Fi + Cellular', 1),
(126, '6', 'iPad 9.7 (2017)', 1),
(127, '6', 'iPad 9.7 (2018)', 1),
(128, '6', 'iPad Air', 1),
(129, '6', 'iPad Air (2019)', 1),
(130, '6', 'iPad Air 2', 1),
(131, '6', 'iPad mini (2019)', 1),
(132, '6', 'iPad mini 2', 1),
(133, '6', 'iPad mini 3', 1),
(134, '6', 'iPad mini 4 (2015)', 1),
(135, '6', 'iPad mini Wi-Fi', 1),
(136, '6', 'iPad mini Wi-Fi + Cellular', 1),
(137, '6', 'iPad Pro 10.5 (2017)', 1),
(138, '6', 'iPad Pro 11 (2018)', 1),
(139, '6', 'iPad Pro 11 (2020)', 1),
(140, '6', 'iPad Pro 12.9 (2015)', 1),
(141, '6', 'iPad Pro 12.9 (2017)', 1),
(142, '6', 'iPad Pro 12.9 (2018)', 1),
(143, '6', 'iPad Pro 12.9 (2020)', 1),
(144, '6', 'iPad Pro 9.7 (2016)', 1),
(145, '6', 'iPad Wi-Fi', 1),
(146, '6', 'iPad Wi-Fi + 3G', 1),
(147, '6', 'iPhone', 1),
(148, '6', 'iPhone 11', 1),
(149, '6', 'iPhone 11 Pro', 1),
(150, '6', 'iPhone 11 Pro Max', 1),
(151, '6', 'iPhone 3G', 1),
(152, '6', 'iPhone 3GS', 1),
(153, '6', 'iPhone 4', 1),
(154, '6', 'iPhone 4 CDMA', 1),
(155, '6', 'iPhone 4s', 1),
(156, '6', 'iPhone 5', 1),
(157, '6', 'iPhone 5c', 1),
(158, '6', 'iPhone 5s', 1),
(159, '6', 'iPhone 6', 1),
(160, '6', 'iPhone 6 Plus', 1),
(161, '6', 'iPhone 6s', 1),
(162, '6', 'iPhone 6s Plus', 1),
(163, '6', 'iPhone 7', 1),
(164, '6', 'iPhone 7 Plus', 1),
(165, '6', 'iPhone 8', 1),
(166, '6', 'iPhone 8 Plus', 1),
(167, '6', 'iPhone SE', 1),
(168, '6', 'iPhone SE (2020)', 1),
(169, '6', 'iPhone X', 1),
(170, '6', 'iPhone XR', 1),
(171, '6', 'iPhone XS', 1),
(172, '6', 'iPhone XS Max', 1),
(173, '6', 'Watch 38mm (1st gen)', 1),
(174, '6', 'Watch 42mm (1st gen)', 1),
(175, '6', 'Watch Edition 38mm (1st gen)', 1),
(176, '6', 'Watch Edition 42mm (1st gen)', 1),
(177, '6', 'Watch Edition Series 2 38mm', 1),
(178, '6', 'Watch Edition Series 2 42mm', 1),
(179, '6', 'Watch Edition Series 3', 1),
(180, '6', 'Watch Edition Series 5', 1),
(181, '6', 'Watch Series 1 Aluminum 38mm', 1),
(182, '6', 'Watch Series 1 Aluminum 42mm', 1),
(183, '6', 'Watch Series 2 38mm', 1),
(184, '6', 'Watch Series 2 42mm', 1),
(185, '6', 'Watch Series 2 Aluminum 38mm', 1),
(186, '6', 'Watch Series 2 Aluminum 42mm', 1),
(187, '6', 'Watch Series 3', 1),
(188, '6', 'Watch Series 3 Aluminum', 1),
(189, '6', 'Watch Series 4', 1),
(190, '6', 'Watch Series 4 Aluminum', 1),
(191, '6', 'Watch Series 5', 1),
(192, '6', 'Watch Series 5 Aluminum', 1),
(193, '6', 'Watch Sport 38mm (1st gen)', 1),
(194, '6', 'Watch Sport 42mm (1st gen)', 1),
(195, '42', 'Note 10 Pro NFC', 1),
(196, '42', 'Note 10 Pro', 1),
(197, '42', 'Note 10', 1),
(198, '42', 'Hot 10T', 1),
(199, '42', 'Hot 10s NFC', 1),
(200, '42', 'Hot 10s', 1),
(201, '42', 'Smart 5 (India)', 1),
(202, '42', 'Hot 10 Play', 1),
(203, '42', 'Smart HD 2021', 1),
(204, '42', 'Zero 8i', 1),
(205, '42', 'Note 8', 1),
(206, '42', 'Note 8i', 1),
(207, '42', 'Hot 10 Lite', 1),
(208, '42', 'Hot 10', 1),
(209, '42', 'Zero 8', 1),
(210, '42', 'Smart 5', 1),
(211, '42', 'Hot 9 Play', 1),
(212, '42', 'Note 7', 1),
(213, '42', 'Note 7 Lite', 1),
(214, '42', 'Hot 9 Pro', 1),
(215, '42', 'Hot 9', 1),
(216, '42', 'S5 Pro (16+32)', 1),
(217, '42', 'S5 Pro (48+40)', 1),
(218, '42', 'S5 Pro', 1),
(219, '42', 'S5 lite', 1),
(220, '42', 'Smart 4', 1),
(221, '42', 'Smart 4c', 1),
(222, '42', 'Hot 8 Lite', 1),
(223, '42', 'S5', 1),
(224, '42', 'Hot 8', 1),
(225, '42', 'Note 6', 1),
(226, '42', 'Smart3 Plus', 1),
(227, '42', 'S4', 1),
(228, '42', 'Hot 7 Pro', 1),
(229, '42', 'Hot 7', 1),
(230, '42', 'Zero 6 Pro', 1),
(231, '42', 'Zero 6', 1),
(232, '42', 'Smart 2 HD', 1),
(233, '42', 'Hot 6X', 1),
(234, '42', 'Note 5 Stylus', 1),
(235, '42', 'S3X', 1),
(236, '42', 'Hot 6', 1),
(237, '42', 'Note 5', 1),
(238, '42', 'Smart 2 Pro', 1),
(239, '42', 'Smart 2', 1),
(240, '42', 'Hot 6 Pro', 1),
(241, '42', 'Hot S3', 1),
(242, '42', 'Zero 5 Pro', 1),
(243, '42', 'Zero 5', 1),
(244, '42', 'Hot 5 Lite', 1),
(245, '42', 'Hot 5', 1),
(246, '42', 'Note 4 Pro', 1),
(247, '42', 'Note 4', 1),
(248, '42', 'Smart', 1),
(249, '42', 'Zero 4 Plus', 1),
(250, '42', 'Zero 4', 1),
(251, '42', 'S2 Pro', 1),
(252, '42', 'Hot 4 Pro', 1),
(253, '42', 'Hot 4', 1),
(254, '42', 'Note 3 Pro', 1),
(255, '42', 'Note 3', 1),
(256, '42', 'Hot S', 1),
(258, '70', 'Reno6 Pro+ 5G', 1),
(259, '70', 'Reno6 Pro 5G', 1),
(260, '70', 'Reno6 5G', 1),
(261, '70', 'K9', 1),
(262, '70', 'A53s 5G', 1),
(263, '70', 'A95 5G', 1),
(264, '70', 'A94 5G', 1),
(265, '70', 'A35', 1),
(266, '70', 'Reno5 Z', 1),
(267, '70', 'A54 5G', 1),
(268, '70', 'A74 5G', 1),
(269, '70', 'A74', 1),
(270, '70', 'F19', 1),
(271, '70', 'A54', 1),
(272, '70', 'Find X3 Pro', 1),
(273, '70', 'Find X3', 1),
(274, '70', 'Find X3 Neo', 1),
(275, '70', 'Find X3 Lite', 1),
(276, '70', 'F19 Pro+ 5G', 1),
(277, '70', 'F19 Pro', 1),
(278, '70', 'Reno5 Lite', 1),
(279, '70', 'A94', 1),
(280, '70', 'Reno5 F', 1),
(281, '70', 'Reno5 K', 1),
(282, '70', 'A55 5G', 1),
(283, '70', 'A93 5G', 1),
(284, '70', 'A15s', 1),
(285, '70', 'Reno5 4G', 1),
(286, '70', 'Reno5 Pro+ 5G', 1),
(287, '70', 'A53 5G', 1),
(288, '70', 'Reno5 Pro 5G', 1),
(289, '70', 'Reno5 5G', 1),
(290, '70', 'A73 5G', 1),
(291, '70', 'Reno4 F', 1),
(292, '70', 'A15', 1),
(293, '70', 'A53s', 1),
(294, '70', 'A73', 1),
(295, '70', 'A93', 1),
(296, '70', 'Reno4 Z 5G', 1),
(297, '70', 'Reno4 Lite', 1),
(298, '70', 'A52', 1),
(299, '70', 'A11k', 1),
(300, '70', 'A12', 1),
(301, '70', 'K7 5G', 1),
(302, '70', 'Find X2 Lite', 1),
(303, '70', 'Ace2', 1),
(304, '70', 'A12e', 1),
(305, '70', 'Reno3', 1),
(306, '70', 'Find X2 Pro', 1),
(307, '70', 'Find X2', 1),
(308, '70', 'Reno3 Pro', 1),
(309, '70', 'A31', 1),
(310, '70', 'F15', 1),
(311, '70', 'Reno3 Pro 5G', 1),
(312, '70', 'Reno3 Youth', 1),
(313, '70', 'Reno3 5G', 1),
(314, '70', 'A91', 1),
(315, '70', 'A8', 1),
(316, '70', 'A11', 1),
(317, '70', 'K5', 1),
(318, '70', 'Reno Ace', 1),
(319, '70', 'Reno A', 1),
(320, '70', 'A5 (2020)', 1),
(321, '70', 'A9 (2020)', 1),
(322, '70', 'Reno2', 1),
(323, '70', 'Reno2 F', 1),
(324, '70', 'Reno2 Z', 1),
(325, '70', 'Reno Z', 1),
(326, '70', 'K3', 1),
(327, '70', 'A9x', 1),
(328, '70', 'A9', 1),
(329, '70', 'Reno 5G', 1),
(330, '70', 'Reno 10x zoom', 1),
(331, '70', 'Reno', 1),
(332, '70', 'A1k', 1),
(333, '70', 'A7n', 1),
(334, '70', 'A5s (AX5s)', 1),
(335, '70', 'F11', 1),
(336, '70', 'F11 Pro', 1),
(337, '70', 'A7', 1),
(338, '70', 'R15x', 1),
(339, '70', 'RX17 Neo', 1),
(340, '70', 'K1', 1),
(341, '70', 'A7x', 1),
(342, '70', 'RX17 Pro', 1),
(343, '70', 'R17', 1),
(344, '70', 'F9 (F9 Pro)', 1),
(345, '70', 'A3s', 1),
(346, '70', 'A5 (AX5)', 1),
(347, '70', 'Find X Lamborghini', 1),
(348, '70', 'Find X', 1),
(349, '70', 'F7 Youth', 1),
(350, '70', 'A3', 1),
(351, '70', 'F7', 1),
(352, '70', 'R15 Pro', 1),
(353, '70', 'R15', 1),
(354, '70', 'A1', 1),
(355, '70', 'A71 (2018)', 1),
(356, '70', 'A83', 1),
(357, '70', 'F5 Youth', 1),
(358, '70', 'R11s Plus', 1),
(359, '70', 'F5', 1),
(360, '70', 'R11s', 1),
(361, '70', 'A71', 1),
(362, '70', 'A77', 1),
(363, '70', 'R11 Plus', 1),
(364, '70', 'R11', 1),
(365, '70', 'A77 (Mediatek)', 1),
(366, '70', 'A39', 1),
(367, '70', 'F3', 1),
(368, '70', 'F3 Plus', 1),
(369, '70', 'A57', 1),
(370, '70', 'F1s', 1),
(371, '70', 'R9s Plus', 1),
(372, '70', 'R9s', 1),
(373, '70', 'A37', 1),
(374, '70', 'A59', 1),
(375, '70', 'R9 Plus', 1),
(376, '70', 'F1 Plus', 1),
(377, '70', 'F1', 1),
(378, '70', 'A53 (2015)', 1),
(379, '70', 'A33 (2015)', 1),
(380, '70', 'Neo 7', 1),
(381, '70', 'R7s', 1),
(382, '70', 'R7 lite', 1),
(383, '70', 'R5s', 1),
(384, '70', 'Mirror 5s', 1),
(385, '70', 'Mirror 5', 1),
(386, '70', 'Joy 3', 1),
(387, '70', 'R7 Plus', 1),
(388, '70', 'R7', 1),
(389, '70', 'Neo 5 (2015)', 1),
(390, '70', 'Neo 5s', 1),
(391, '70', 'Joy Plus', 1),
(392, '70', 'Mirror 3', 1),
(393, '70', 'A31 (2015)', 1),
(394, '70', 'R1x', 1),
(395, '70', 'U3', 1),
(396, '70', 'R5', 1),
(397, '70', 'N3', 1),
(398, '70', 'R1S', 1),
(399, '70', 'Neo 3', 1),
(400, '70', 'Find 5 Mini', 1),
(401, '70', 'R2001 Yoyo', 1),
(402, '70', 'R1001 Joy', 1),
(403, '70', 'Neo 5', 1),
(404, '70', 'R3', 1),
(405, '70', 'N1 mini', 1),
(406, '70', 'Find 7', 1),
(407, '70', 'Find 7a', 1),
(408, '70', 'Neo', 1),
(409, '70', 'R1 R829T', 1),
(410, '70', 'N1', 1),
(411, '70', 'R819', 1),
(412, '70', 'Find 5', 1),
(413, '70', 'U705T Ulike 2', 1),
(414, '70', 'R601', 1),
(415, '70', 'R821T FInd Muse', 1),
(416, '70', 'R811 Real', 1),
(417, '70', 'T29', 1),
(418, '70', 'R817 Real', 1),
(419, '70', 'R815T Clover', 1),
(420, '70', 'Find', 1),
(421, '70', 'U701 Ulike', 1),
(422, '111', 'Redmi Note 10 Pro (China)', 1),
(423, '111', 'Redmi Note 8 2021', 1),
(424, '111', 'Poco M3 Pro 5G', 1),
(425, '111', 'Redmi K40 Gaming', 1),
(426, '111', 'Mi 11X Pro', 1),
(427, '111', 'Mi 11X', 1),
(428, '111', 'Poco M2 Reloaded', 1),
(429, '111', 'Mi Mix Fold', 1),
(430, '111', 'Mi 11 Ultra', 1),
(431, '111', 'Mi 11 Pro', 1),
(432, '111', 'Mi 11i', 1),
(433, '111', 'Mi 11 Lite 5G', 1),
(434, '111', 'Mi 11 Lite', 1),
(435, '111', 'Black Shark 4 Pro', 1),
(436, '111', 'Black Shark 4', 1),
(437, '111', 'Poco X3 Pro', 1),
(438, '111', 'Poco F3', 1),
(439, '111', 'Mi 10S', 1),
(440, '111', 'Redmi Note 10 Pro', 1),
(441, '111', 'Redmi Note 10 5G', 1),
(442, '111', 'Redmi Note 10S', 1),
(443, '111', 'Redmi Note 10', 1),
(444, '111', 'Redmi Note 10 Pro Max', 1),
(445, '111', 'Redmi Note 10 Pro (India)', 1),
(446, '111', 'Redmi K40 Pro+', 1),
(447, '111', 'Redmi K40 Pro', 1),
(448, '111', 'Redmi K40', 1),
(449, '111', 'Redmi Note 9T', 1),
(450, '111', 'Redmi 9T', 1),
(451, '111', 'Mi 10i 5G', 1),
(452, '111', 'Mi 11', 1),
(453, '111', 'Redmi 9 Power', 1),
(454, '111', 'Mi Watch Lite', 1),
(455, '111', 'Redmi Note 9 Pro 5G', 1),
(456, '111', 'Redmi Note 9 5G', 1),
(457, '111', 'Redmi Note 9 4G', 1),
(458, '111', 'Redmi Watch', 1),
(459, '111', 'Poco M3', 1),
(460, '111', 'Redmi K30S', 1),
(461, '111', 'Poco C3', 1),
(462, '111', 'Mi 10T Pro 5G', 1),
(463, '111', 'Mi 10T 5G', 1),
(464, '111', 'Mi 10T Lite 5G', 1),
(465, '111', 'Redmi 9AT', 1),
(466, '111', 'Redmi 9i', 1),
(467, '111', 'Poco M2', 1),
(468, '111', 'Poco X3', 1),
(469, '111', 'Poco X3 NFC', 1),
(470, '111', 'Redmi 9 (India)', 1),
(471, '111', 'Mi 10 Ultra', 1),
(472, '111', 'Redmi K30 Ultra', 1),
(473, '111', 'Redmi 9 Prime', 1),
(474, '111', 'Black Shark 3S', 1),
(475, '111', 'Poco M2 Pro', 1),
(476, '111', 'Redmi 9A', 1),
(477, '111', 'Redmi 9C NFC', 1),
(478, '111', 'Redmi 9C', 1),
(479, '111', 'Redmi 9', 1),
(480, '111', 'Redmi 10X Pro 5G', 1),
(481, '111', 'Redmi 10X 5G', 1),
(482, '111', 'Redmi 10X 4G', 1),
(483, '111', 'Redmi K30i 5G', 1),
(484, '111', 'Poco F2 Pro', 1),
(485, '111', 'Redmi K30 5G Racing', 1),
(486, '111', 'Redmi Note 9 Pro', 1),
(487, '111', 'Redmi Note 9', 1),
(488, '111', 'Mi Note 10 Lite', 1),
(489, '111', 'Mi 10 Youth 5G', 1),
(490, '111', 'Mi 10 Lite 5G', 1),
(491, '111', 'Redmi K30 Pro Zoom', 1),
(492, '111', 'Redmi K30 Pro', 1),
(493, '111', 'Redmi Note 9S', 1),
(494, '111', 'Redmi Note 9 Pro Max', 1),
(495, '111', 'Redmi Note 9 Pro (India)', 1),
(496, '111', 'Black Shark 3 Pro', 1),
(497, '111', 'Black Shark 3', 1),
(498, '111', 'Mi 10 Pro 5G', 1),
(499, '111', 'Mi 10 5G', 1),
(500, '111', 'Redmi 8A Pro', 1),
(501, '111', 'Redmi 8A Dual', 1),
(502, '111', 'Poco X2', 1),
(503, '111', 'Redmi K30', 1),
(504, '111', 'Redmi K30 5G', 1),
(505, '111', 'Redmi Note 8T', 1),
(506, '111', 'Mi Note 10 Pro', 1),
(507, '111', 'Mi Note 10', 1),
(508, '111', 'Mi CC9 Pro', 1),
(509, '111', 'Redmi 8', 1),
(510, '111', 'Redmi 8A', 1),
(511, '111', 'Mi Mix Alpha', 1),
(512, '111', 'Mi 9 Pro 5G', 1),
(513, '111', 'Mi 9 Pro', 1),
(514, '111', 'Redmi K20 Pro Premium', 1),
(515, '111', 'Mi 9 Lite', 1),
(516, '111', 'Redmi Note 8 Pro', 1),
(517, '111', 'Black Shark 2 Pro', 1),
(518, '111', 'Mi A3', 1),
(519, '111', 'Redmi 7A', 1),
(520, '111', 'Mi CC9', 1),
(521, '111', 'Mi CC9e', 1),
(522, '111', 'Redmi Note 8', 1),
(523, '111', 'Mi 9T Pro', 1),
(524, '111', 'Mi 9T', 1),
(525, '111', 'Redmi K20', 1),
(526, '111', 'Redmi K20 Pro', 1),
(527, '111', 'Redmi Note 7S', 1),
(528, '111', 'Redmi Y3', 1),
(529, '111', 'Black Shark 2', 1),
(530, '111', 'Redmi 7', 1),
(531, '111', 'Redmi Note 7 Pro', 1),
(532, '111', 'Mi Mix 3 5G', 1),
(533, '111', 'Mi 9 Explorer', 1),
(534, '111', 'Mi 9 SE', 1),
(535, '111', 'Mi 9', 1),
(536, '111', 'Redmi Go', 1),
(537, '111', 'Redmi Note 7', 1),
(538, '111', 'Mi Play', 1),
(539, '111', 'Black Shark Helo', 1),
(540, '111', 'Mi Mix 3', 1),
(541, '111', 'Redmi Note 6 Pro', 1),
(542, '111', 'Mi 8 Pro', 1),
(543, '111', 'Mi 8 Lite', 1),
(544, '111', 'Pocophone F1', 1),
(545, '111', 'Mi A2 (Mi 6X)', 1),
(546, '111', 'Mi A2 Lite (Redmi 6 Pro)', 1),
(547, '111', 'Mi Max 3', 1),
(548, '111', 'Mi Pad 4 Plus', 1),
(549, '111', 'Mi Pad 4', 1),
(550, '111', 'Redmi 6', 1),
(551, '111', 'Redmi 6A', 1),
(552, '111', 'Mi 8 Explorer', 1),
(553, '111', 'Mi 8', 1),
(554, '111', 'Mi 8 SE', 1),
(555, '111', 'Redmi S2 (Redmi Y2)', 1),
(556, '111', 'Mi Mix 2S', 1),
(557, '111', 'Redmi Note 5 AI Dual Camera', 1),
(558, '111', 'Redmi Note 5 Pro', 1),
(559, '111', 'Black Shark', 1),
(560, '111', 'Redmi 5 Plus (Redmi Note 5)', 1),
(561, '111', 'Redmi 5', 1),
(562, '111', 'Redmi 5A', 1),
(563, '111', 'Redmi Y1 (Note 5A)', 1),
(564, '111', 'Redmi Y1 Lite', 1),
(565, '111', 'Mi Note 3', 1),
(566, '111', 'Mi Mix 2', 1),
(567, '111', 'Mi A1 (Mi 5X)', 1),
(568, '111', 'Mi Max 2', 1),
(569, '111', 'Redmi 4 (4X)', 1),
(570, '111', 'Mi 6', 1),
(571, '111', 'Mi Pad 3', 1),
(572, '111', 'Mi 5c', 1),
(573, '111', 'Redmi Note 4X', 1),
(574, '111', 'Redmi Note 4', 1),
(575, '111', 'Redmi 4 (China)', 1),
(576, '111', 'Mi 6 Plus', 1),
(577, '111', 'Redmi 4 Prime', 1),
(578, '111', 'Mi Mix', 1),
(579, '111', 'Mi Note 2', 1),
(580, '111', 'Mi 5s Plus', 1),
(581, '111', 'Mi 5s', 1),
(582, '111', 'Redmi Note 4 (MediaTek)', 1),
(583, '111', 'Redmi Pro', 1),
(584, '111', 'Redmi 3x', 1),
(585, '111', 'Redmi 3s Prime', 1),
(586, '111', 'Redmi 3s', 1),
(587, '111', 'Redmi 3 Pro', 1),
(588, '111', 'Mi Max', 1),
(589, '111', 'Mi 5', 1),
(590, '111', 'Mi 4s', 1),
(591, '111', 'Redmi Note 3', 1),
(592, '111', 'Redmi 3', 1),
(593, '111', 'Redmi Note Prime', 1),
(594, '111', 'Mi Pad 2', 1),
(595, '111', 'Redmi Note 3 (MediaTek)', 1),
(596, '111', 'Mi 4c', 1),
(597, '111', 'Redmi Note 2', 1),
(598, '111', 'Redmi 2 Pro', 1),
(599, '111', 'Redmi 2 Prime', 1),
(600, '111', 'Mi 4i', 1),
(601, '111', 'Mi Note Pro', 1),
(602, '111', 'Mi Note', 1),
(603, '111', 'Redmi 2A', 1),
(604, '111', 'Redmi 2', 1),
(605, '111', 'Mi 4 LTE', 1),
(606, '111', 'Redmi Note 4G', 1),
(607, '111', 'Mi 4', 1),
(608, '111', 'Mi Pad 7.9', 1),
(609, '111', 'Redmi Note', 1),
(610, '111', 'Mi 3', 1),
(611, '111', 'Redmi 1S', 1),
(612, '111', 'Redmi', 1),
(613, '111', 'Mi 2A', 1),
(614, '111', 'Mi 2S', 1),
(615, '111', 'Mi 2', 1),
(616, '111', 'Mi 1S', 1),
(617, '111', 'Poco M3 Pro', 1),
(618, '111', 'Mi 10 Lite Zoom', 1),
(619, '111', 'Mi 9X', 1),
(620, '111', 'Mi Max 4 Pro', 1),
(621, '111', 'Mi Max 4', 1),
(622, '111', 'Mi 6c', 1),
(623, '111', 'Redmi Pro 2', 1),
(624, '111', 'Mi Note Plus', 1),
(625, '52', 'W41 Pro', 1),
(626, '52', 'W41+', 1),
(627, '52', 'W41', 1),
(628, '52', 'W31+', 1),
(629, '52', 'W31', 1),
(630, '52', 'W11', 1),
(631, '52', 'K92 5G', 1),
(632, '52', 'K62', 1),
(633, '52', 'Q52', 1),
(634, '52', 'K52', 1),
(635, '52', 'K42', 1),
(636, '52', 'K71', 1),
(637, '52', 'Wing 5G', 1),
(638, '52', 'K22', 1),
(639, '52', 'Q92 5G', 1),
(640, '52', 'Q31', 1),
(641, '52', 'K31', 1),
(642, '52', 'Velvet 5G UW', 1),
(643, '52', 'Q61', 1),
(644, '52', 'Stylo 6', 1),
(645, '52', 'Velvet', 1),
(646, '52', 'Velvet 5G', 1),
(647, '52', 'Folder 2', 1),
(648, '52', 'V60 ThinQ 5G UW', 1),
(649, '52', 'V60 ThinQ 5G', 1),
(650, '52', 'Q51', 1),
(651, '52', 'W10 Alpha', 1),
(652, '52', 'K61', 1),
(653, '52', 'K51S', 1),
(654, '52', 'K41S', 1),
(655, '52', 'G Pad 5 10.1', 1),
(656, '52', 'V50S ThinQ 5G', 1),
(657, '52', 'G8X ThinQ', 1),
(658, '52', 'Q70', 1),
(659, '52', 'K30 (2019)', 1),
(660, '52', 'K20 (2019)', 1),
(661, '52', 'K40S', 1),
(662, '52', 'K50S', 1),
(663, '52', 'W30 Pro', 1),
(664, '52', 'W30', 1),
(665, '52', 'W10', 1),
(666, '52', 'Stylo 5', 1),
(667, '52', 'V50 ThinQ 5G', 1),
(668, '52', 'G8S ThinQ', 1),
(669, '52', 'G8 ThinQ', 1),
(670, '52', 'Q60', 1),
(671, '52', 'K50', 1),
(672, '52', 'K40', 1),
(673, '52', 'Q9', 1),
(674, '52', 'V40 ThinQ', 1),
(675, '52', 'Watch W7', 1),
(676, '52', 'Tribute Empire', 1),
(677, '52', 'Candy', 1),
(678, '52', 'G7 Fit', 1),
(679, '52', 'G7 One', 1),
(680, '52', 'Q8 (2018)', 1),
(681, '52', 'K11 Plus', 1),
(682, '52', 'Q Stylo 4', 1),
(683, '52', 'Q Stylus', 1),
(684, '52', 'V35 ThinQ', 1),
(685, '52', 'Q7', 1),
(686, '52', 'G7 ThinQ', 1),
(687, '52', 'V30S ThinQ', 1),
(688, '52', 'Zone 4', 1),
(689, '52', 'X power 3', 1),
(690, '52', 'K30', 1),
(691, '52', 'K10 (2018)', 1),
(692, '52', 'K8 (2018)', 1),
(693, '52', 'Aristo 2', 1),
(694, '52', 'X4+', 1),
(695, '52', 'V30', 1),
(696, '52', 'Q8 (2017)', 1),
(697, '52', 'Q6', 1),
(698, '52', 'G Pad IV 8.0 FHD', 1),
(699, '52', 'X venture', 1),
(700, '52', 'G6', 1),
(701, '52', 'X power2', 1),
(702, '52', 'Watch Sport', 1),
(703, '52', 'Watch Style', 1),
(704, '52', 'Stylo 3 Plus', 1),
(705, '52', 'Stylus 3', 1),
(706, '52', 'Harmony', 1),
(707, '52', 'K20 plus', 1),
(708, '52', 'K10 (2017)', 1),
(709, '52', 'K8 (2017)', 1),
(710, '52', 'K7 (2017)', 1),
(711, '52', 'K4 (2017)', 1),
(712, '52', 'K3 (2017)', 1),
(713, '52', 'G Pad III 10.1 FHD', 1),
(714, '52', 'U', 1),
(715, '52', 'V20', 1),
(716, '52', 'X Skin', 1),
(717, '52', 'X5', 1),
(718, '52', 'X max', 1),
(719, '52', 'X mach', 1),
(720, '52', 'G Pad III 8.0 FHD', 1),
(721, '52', 'G Pad X 8.0', 1),
(722, '52', 'X power', 1),
(723, '52', 'X style', 1),
(724, '52', 'Stylus 2 Plus', 1),
(725, '52', 'Stylo 2', 1),
(726, '52', 'G5 SE', 1),
(727, '52', 'G5', 1),
(728, '52', 'X cam', 1),
(729, '52', 'X screen', 1),
(730, '52', 'K8', 1),
(731, '52', 'Stylus 2', 1),
(732, '52', 'K10', 1),
(733, '52', 'K7', 1),
(734, '52', 'K4', 1),
(735, '52', 'G Pad II 8.3 LTE', 1),
(736, '52', 'Ray', 1),
(737, '52', 'G Vista 2', 1),
(738, '52', 'G Watch R W110', 1),
(739, '52', 'Watch Urbane W150', 1),
(740, '52', 'Watch Urbane 2nd Edition LTE', 1),
(741, '52', 'V10', 1),
(742, '52', 'Nexus 5X', 1),
(743, '52', 'Zero', 1),
(744, '52', 'G Pad II 10.1', 1),
(745, '52', 'G Pad II 8.0 LTE', 1),
(746, '52', 'Wine Smart', 1),
(747, '52', 'Tribute 2', 1),
(748, '52', 'Bello II', 1),
(749, '52', 'G4 Beat', 1),
(750, '52', 'G360', 1),
(751, '52', 'G350', 1),
(752, '52', 'G4c', 1),
(753, '52', 'G4 Dual', 1),
(754, '52', 'G4', 1),
(755, '52', 'G Stylo', 1),
(756, '52', 'G4 Stylus', 1),
(757, '52', 'AKA', 1),
(758, '52', 'Watch Urbane LTE', 1),
(759, '52', 'G Watch W100', 1),
(760, '52', 'Magna', 1),
(761, '52', 'Spirit', 1),
(762, '52', 'Leon', 1),
(763, '52', 'Joy', 1),
(764, '52', 'G Flex2', 1),
(765, '52', 'Tribute', 1),
(766, '52', 'L Prime', 1),
(767, '52', 'G2 Lite', 1),
(768, '52', 'G3 Dual-LTE', 1),
(769, '52', 'G3 Screen', 1),
(770, '52', 'F60', 1),
(771, '52', 'L60', 1),
(772, '52', 'L60 Dual', 1),
(773, '52', 'G3 Stylus', 1),
(774, '52', 'L Bello', 1),
(775, '52', 'L Fino', 1),
(776, '52', 'G Pad 8.0 LTE', 1),
(777, '52', 'G Vista', 1),
(778, '52', 'G3 A', 1),
(779, '52', 'G Pad 7.0 LTE', 1),
(780, '52', 'L50', 1),
(781, '52', 'L30', 1),
(782, '52', 'L20', 1),
(783, '52', 'G Vista (CDMA)', 1),
(784, '52', 'G3 LTE-A', 1),
(785, '52', 'G3 S Dual', 1),
(786, '52', 'G3 S', 1),
(787, '52', 'L65 D280', 1),
(788, '52', 'G3 (CDMA)', 1),
(789, '52', 'G3', 1),
(790, '52', '450', 1),
(791, '52', 'L35', 1),
(792, '52', 'Volt', 1),
(793, '52', 'G Pad 10.1 LTE', 1),
(794, '52', 'G Pad 10.1', 1),
(795, '52', 'G Pad 8.0', 1),
(796, '52', 'G Pad 7.0', 1),
(797, '52', 'L80', 1),
(798, '52', 'L80 Dual', 1),
(799, '52', 'Lucid 3 VS876', 1),
(800, '52', 'L65 Dual D285', 1),
(801, '52', 'G Pad 8.3 LTE', 1),
(802, '52', 'F70 D315', 1),
(803, '52', 'G2 mini LTE (Tegra)', 1),
(804, '52', 'G2 mini LTE', 1),
(805, '52', 'G2 mini', 1),
(806, '52', 'L90 Dual D410', 1),
(807, '52', 'L90 D405', 1),
(808, '52', 'L70 D320N', 1),
(809, '52', 'L70 Dual D325', 1),
(810, '52', 'L45 Dual X132', 1),
(811, '52', 'L40 D160', 1),
(812, '52', 'L40 Dual D170', 1),
(813, '52', 'G Pro 2', 1),
(814, '52', 'Optimus L4 II Tri E470', 1),
(815, '52', 'Optimus L1 II Tri E475', 1),
(816, '52', 'Optimus F3Q', 1),
(817, '52', 'GX F310L', 1),
(818, '52', 'Nexus 5', 1),
(819, '52', 'G Flex', 1),
(820, '52', 'Fireweb', 1),
(821, '52', 'G Pro Lite', 1),
(822, '52', 'G Pro Lite Dual', 1),
(823, '52', 'Optimus L2 II E435', 1),
(824, '52', 'Vu 3 F300L', 1),
(825, '52', 'G Pad 8.3', 1),
(826, '52', 'G2', 1),
(827, '52', 'Optimus L9 II', 1),
(828, '52', 'Enact VS890', 1),
(829, '52', 'Optimus GJ E975W', 1),
(830, '52', 'Optimus L4 II Dual E445', 1),
(831, '52', 'Optimus L4 II E440', 1),
(832, '52', 'Optimus Zone VS410', 1),
(833, '52', 'Optimus F3', 1),
(834, '52', 'Lucid2 VS870', 1),
(835, '52', 'Optimus F7', 1),
(836, '52', 'Optimus F6', 1),
(837, '52', 'Optimus F5', 1),
(838, '52', 'Optimus G Pro E985', 1),
(839, '52', 'Optimus L7 II Dual P715', 1),
(840, '52', 'Optimus L7 II P710', 1),
(841, '52', 'Optimus L5 II Dual E455', 1),
(842, '52', 'Optimus L5 II E460', 1),
(843, '52', 'Optimus L3 II Dual E435', 1),
(844, '52', 'Optimus L3 II E430', 1),
(845, '52', 'Optimus L1 II E410', 1),
(846, '52', 'Nexus 4 E960', 1),
(847, '52', 'A390', 1),
(848, '52', 'A395', 1),
(849, '52', 'C299', 1),
(850, '52', 'Tri Chip C333', 1),
(851, '52', 'Spectrum II 4G VS930', 1),
(852, '52', 'Mach LS860', 1),
(853, '52', 'Optimus L9 P769', 1),
(854, '52', 'Optimus Vu II', 1),
(855, '52', 'Optimus Vu II F200', 1),
(856, '52', 'Optimus G E970', 1),
(857, '52', 'Optimus G LS970', 1),
(858, '52', 'Optimus G E975', 1),
(859, '52', 'Intuition VS950', 1),
(860, '52', 'Splendor US730', 1),
(861, '52', 'Escape P870', 1),
(862, '52', 'Optimus L5 Dual E615', 1),
(863, '52', 'Optimus L9 P760', 1),
(864, '52', 'Motion 4G MS770', 1),
(865, '52', 'Optimus Vu P895', 1),
(866, '52', 'Optimus L3 E405', 1),
(867, '52', 'C199', 1),
(868, '52', 'T385', 1),
(869, '52', 'T375 Cookie Smart', 1),
(870, '52', 'Optimus Elite LS696', 1),
(871, '52', 'T370 Cookie Smart', 1),
(872, '52', 'Optimus LTE2', 1),
(873, '52', 'Optimus True HD LTE P936', 1),
(874, '52', 'Xpression C395', 1),
(875, '52', 'Lucid 4G VS840', 1),
(876, '52', 'Optimus M+ MS695', 1),
(877, '52', 'Optimus 4X HD P880', 1),
(878, '52', 'Optimus 3D Max P720', 1),
(879, '52', 'Optimus 3D Cube SU870', 1),
(880, '52', 'Optimus L7 P700', 1),
(881, '52', 'Optimus L5 E610', 1),
(882, '52', 'Optimus Vu F100S', 1),
(883, '52', 'Optimus LTE Tag', 1),
(884, '52', 'Optimus L3 E400', 1),
(885, '52', 'Optimus Pad LTE', 1),
(886, '52', 'Rumor Reflex LN272', 1),
(887, '52', 'Connect 4G MS840', 1),
(888, '52', 'Viper 4G LTE LS840', 1),
(889, '52', 'Spectrum VS920', 1),
(890, '52', 'X350', 1),
(891, '52', 'Prada 3.0', 1),
(892, '52', 'Nitro HD', 1),
(893, '52', 'Optimus 4G LTE P935', 1),
(894, '52', 'Optimus 2 AS680', 1),
(895, '52', 'Extravert VN271', 1),
(896, '52', 'DoublePlay', 1),
(897, '52', 'Enlighten VS700', 1),
(898, '52', 'S367', 1),
(899, '52', 'Jil Sander Mobile', 1),
(900, '52', 'Optimus Slider', 1),
(901, '52', 'Optimus LTE SU640', 1),
(902, '52', 'Optimus LTE LU6200', 1),
(903, '52', 'Optimus EX SU880', 1),
(904, '52', 'Optimus Q2 LU6500', 1),
(905, '52', 'Optimus Hub E510', 1),
(906, '52', 'Optimus Sol E730', 1),
(907, '52', 'Optimus Net Dual', 1),
(908, '52', 'Optimus Net', 1),
(909, '52', 'Esteem MS910', 1),
(910, '52', 'Marquee LS855', 1),
(911, '52', 'Optimus Black (White version)', 1),
(912, '52', 'Optimus Pro C660', 1),
(913, '52', 'S365', 1),
(914, '52', 'A350', 1),
(915, '52', 'A258', 1),
(916, '52', 'A250', 1),
(917, '52', 'A270', 1),
(918, '52', 'A290', 1),
(919, '52', 'A230', 1),
(920, '52', 'A200', 1),
(921, '52', 'A190', 1),
(922, '52', 'T515 Cookie Duo', 1),
(923, '52', 'T510', 1),
(924, '52', 'T505', 1),
(925, '52', 'EGO T500', 1),
(926, '52', 'EGO Wi-Fi', 1),
(927, '52', 'C375 Cookie Tweet', 1),
(928, '52', 'C365', 1),
(929, '52', 'C360', 1),
(930, '52', 'A100', 1),
(931, '52', 'Optimus Big LU6800', 1),
(932, '52', 'Cosmos 2', 1),
(933, '52', 'US760 Genesis', 1),
(934, '52', 'Phoenix P505', 1),
(935, '52', 'Thrive P506', 1),
(936, '52', 'Thrill 4G P925', 1),
(937, '52', 'T315', 1),
(938, '52', 'Optimus 3D P920', 1),
(939, '52', 'Optimus Pad V900', 1),
(940, '52', 'A180', 1),
(941, '52', 'A165', 1),
(942, '52', 'A160', 1),
(943, '52', 'Optimus Chat C550', 1),
(944, '52', 'A140', 1),
(945, '52', 'Optimus Me P350', 1),
(946, '52', 'Optimus Black P970', 1),
(947, '52', 'Optimus 2X SU660', 1),
(948, '52', 'Optimus 2X', 1),
(949, '52', 'Optimus Mach LU3000', 1),
(950, '52', 'Revolution', 1),
(951, '52', 'X335', 1),
(952, '52', 'C310', 1),
(953, '52', 'Cookie WiFi T310i', 1),
(954, '52', 'GU200', 1),
(955, '52', 'A120', 1),
(956, '52', 'A155', 1),
(957, '52', 'S310', 1),
(958, '52', 'P525', 1),
(959, '52', 'P520', 1),
(960, '52', 'Axis', 1),
(961, '52', 'Apex', 1),
(962, '52', 'Cosmos Touch VN270', 1),
(963, '52', 'Vortex VS660', 1),
(964, '52', 'C320 InTouch Lady', 1),
(965, '52', 'GT550 Encore', 1),
(966, '52', 'GS390 Prime', 1),
(967, '52', 'Quantum', 1),
(968, '52', 'C900 Optimus 7Q', 1),
(969, '52', 'E900 Optimus 7', 1),
(970, '52', 'Town C300', 1),
(971, '52', 'Optimus Chic E720', 1),
(972, '52', 'Optimus M', 1),
(973, '52', 'Octane', 1),
(974, '52', 'Optimus S', 1),
(975, '52', 'Optimus T', 1),
(976, '52', 'Optimus One P500', 1),
(977, '52', 'GW910', 1),
(978, '52', 'A130', 1),
(979, '52', 'GW370 Rumour Plus', 1),
(980, '52', 'GD550 Pure', 1),
(981, '52', 'KS365', 1),
(982, '52', 'GM650s', 1),
(983, '52', 'Scarlet II TV', 1),
(984, '52', 'Flick T320', 1),
(985, '52', 'Cookie 3G T320', 1),
(986, '52', 'Wink 3G T320', 1),
(987, '52', 'C710 Aloha', 1),
(988, '52', 'Cookie Style T310', 1),
(989, '52', 'Wink Style T310', 1),
(990, '52', 'Cookie Lite T300', 1),
(991, '52', 'C105', 1),
(992, '52', 'GX300', 1),
(993, '52', 'GU292', 1),
(994, '52', 'GM360 Viewty Snap', 1),
(995, '52', 'Fathom VS750', 1),
(996, '52', 'Vu Plus', 1),
(997, '52', 'GT400 Viewty Smile', 1),
(998, '52', 'SU420 Cafe', 1),
(999, '52', 'Optimus Z', 1),
(1000, '52', 'SU920', 1),
(1001, '52', 'KM570 Cookie Gig', 1),
(1002, '52', 'Optimus Q LU2300', 1),
(1003, '52', 'GX500', 1),
(1004, '52', 'KH3900 Joypop', 1),
(1005, '52', 'GT950 Arena', 1),
(1006, '52', 'GB280', 1),
(1007, '52', 'GS155', 1),
(1008, '52', 'GS107', 1),
(1009, '52', 'GS106', 1),
(1010, '52', 'KP108', 1),
(1011, '52', 'GD350', 1),
(1012, '52', 'KH5200 Andro-1', 1),
(1013, '52', 'GT540 Optimus', 1),
(1014, '52', 'GT405', 1),
(1015, '52', 'GS290 Cookie Fresh', 1),
(1016, '52', 'GW990', 1),
(1017, '52', 'GS500 Cookie Plus', 1),
(1018, '52', 'GX200', 1),
(1019, '52', 'KF305', 1),
(1020, '52', 'GW880', 1),
(1021, '52', 'GD880 Mini', 1),
(1022, '52', 'Etna C330', 1),
(1023, '52', 'Wink Plus GT350i', 1),
(1024, '52', 'Town GT350', 1),
(1025, '52', 'KU2100', 1),
(1026, '52', 'GD580 Lollipop', 1),
(1027, '52', 'GS200', 1),
(1028, '52', 'GS190', 1),
(1029, '52', 'GW820 eXpo', 1),
(1030, '52', 'GU230 Dimsun', 1),
(1031, '52', 'GD710 Shine II', 1),
(1032, '52', 'GB160', 1),
(1033, '52', 'GU285', 1),
(1034, '52', '8575 Samba', 1),
(1035, '52', 'KM555E', 1),
(1036, '52', 'GD310', 1),
(1037, '52', 'GD510 Pop', 1),
(1038, '52', 'BL20 New Chocolate', 1),
(1039, '52', 'CF360', 1),
(1040, '52', 'GW620', 1),
(1041, '52', 'GM750', 1),
(1042, '52', 'BL40 New Chocolate', 1),
(1043, '52', 'GW300', 1),
(1044, '52', 'GB270', 1),
(1045, '52', 'GB190', 1),
(1046, '52', 'GB109', 1),
(1047, '52', 'GB170', 1),
(1048, '52', 'GW550', 1),
(1049, '52', 'KB775 Scarlet', 1),
(1050, '52', 'GT500 Puccini', 1),
(1051, '52', 'GT505', 1),
(1052, '52', 'GW520', 1),
(1053, '52', 'GD900 Crystal', 1),
(1054, '52', 'GC900 Viewty Smart', 1),
(1055, '52', 'GB230 Julia', 1),
(1056, '52', 'GD330', 1),
(1057, '52', 'KS660', 1),
(1058, '52', 'GB125', 1),
(1059, '52', 'Xenon GR500', 1),
(1060, '52', 'GB210', 1),
(1061, '52', 'GM200 Brio', 1),
(1062, '52', 'KC560', 1),
(1063, '52', 'KM900 Arena', 1),
(1064, '52', 'GM730 Eigen', 1),
(1065, '52', 'KC910i Renoir', 1),
(1066, '52', 'GB250', 1),
(1067, '52', 'GB220', 1),
(1068, '52', 'GB102', 1),
(1069, '52', 'KT770', 1),
(1070, '52', 'GB130', 1),
(1071, '52', 'GM310', 1),
(1072, '52', 'GM210', 1),
(1073, '52', 'KM330', 1),
(1074, '52', 'GB110', 1),
(1075, '52', 'GB106', 1),
(1076, '52', 'GD910', 1),
(1077, '52', 'CT810 Incite', 1),
(1078, '52', 'KP152', 1),
(1079, '52', 'KS500', 1),
(1080, '52', 'KF900 Prada', 1),
(1081, '52', 'KC780', 1),
(1082, '52', 'KP500 Cookie', 1),
(1083, '52', 'KP501 Cookie', 1),
(1084, '52', 'KP502 Cookie', 1),
(1085, '52', 'KB770', 1),
(1086, '52', 'KC910 Renoir', 1),
(1087, '52', 'KP270', 1),
(1088, '52', 'CB630 Invision', 1),
(1089, '52', 'KF311', 1),
(1090, '52', 'CP150', 1),
(1091, '52', 'KP265', 1),
(1092, '52', 'KP260', 1),
(1093, '52', 'KP199', 1),
(1094, '52', 'KP170', 1),
(1095, '52', 'GT365 Neon', 1),
(1096, '52', 'Univa E510', 1),
(1097, '52', 'KS360', 1),
(1098, '52', 'KF390', 1),
(1099, '52', 'KF350', 1),
(1100, '52', 'KF245', 1),
(1101, '52', 'KF240', 1),
(1102, '52', 'U370', 1),
(1103, '52', 'HB620T', 1),
(1104, '52', 'KC550', 1),
(1105, '52', 'KF757 Secret', 1),
(1106, '52', 'KF750 Secret', 1),
(1107, '52', 'KF755 Secret', 1),
(1108, '52', 'CU915 Vu', 1),
(1109, '52', 'KF700', 1),
(1110, '52', 'KF600', 1),
(1111, '52', 'KF510', 1),
(1112, '52', 'KP320', 1),
(1113, '52', 'KT610', 1),
(1114, '52', 'KT520', 1),
(1115, '52', 'KM710', 1),
(1116, '52', 'MG295', 1),
(1117, '52', 'KF310', 1),
(1118, '52', 'KF300', 1),
(1119, '52', 'KM500', 1),
(1120, '52', 'KM386', 1),
(1121, '52', 'KM380', 1),
(1122, '52', 'KM338', 1),
(1123, '52', 'KG375', 1),
(1124, '52', 'KP235', 1),
(1125, '52', 'KP220', 1),
(1126, '52', 'KP215', 1),
(1127, '52', 'KP210', 1),
(1128, '52', 'KP130', 1),
(1129, '52', 'KP110', 1),
(1130, '52', 'KP105', 1),
(1131, '52', 'KP100', 1),
(1132, '52', 'KU385', 1),
(1133, '52', 'KU380', 1),
(1134, '52', 'U960', 1),
(1135, '52', 'KG290', 1),
(1136, '52', 'KG288', 1),
(1137, '52', 'KS20', 1),
(1138, '52', 'KU990 Viewty', 1),
(1139, '52', 'KE990 Viewty', 1),
(1140, '52', 'KE590', 1),
(1141, '52', 'KE500', 1),
(1142, '52', 'KG280', 1),
(1143, '52', 'KG275', 1),
(1144, '52', 'MG160', 1),
(1145, '52', 'KU580', 1),
(1146, '52', 'KE850 Prada', 1),
(1147, '52', 'KE970 Shine', 1),
(1148, '52', 'KU970 Shine', 1),
(1149, '52', 'KE770 Shine', 1),
(1150, '52', 'CU720 Shine', 1),
(1151, '52', 'KU950', 1),
(1152, '52', 'KS10', 1),
(1153, '52', 'KU311', 1),
(1154, '52', 'Trax CU575', 1),
(1155, '52', 'CU500V', 1),
(1156, '52', 'CU515', 1),
(1157, '52', 'CE110', 1),
(1158, '52', 'KU250', 1),
(1159, '52', 'KE260', 1),
(1160, '52', 'KE800', 1),
(1161, '52', 'KE820', 1),
(1162, '52', 'KU800', 1),
(1163, '52', 'L343i', 1),
(1164, '52', 'U830', 1),
(1165, '52', 'KP200', 1),
(1166, '52', 'L600v', 1),
(1167, '52', 'KP202', 1),
(1168, '52', 'CU500', 1),
(1169, '52', 'U400', 1),
(1170, '52', 'U310', 1),
(1171, '52', 'U300', 1),
(1172, '52', 'KG800', 1),
(1173, '52', 'KG810', 1),
(1174, '52', 'KE600', 1),
(1175, '52', 'KG330', 1),
(1176, '52', 'KG320', 1),
(1177, '52', 'CG180', 1),
(1178, '52', 'KG300', 1),
(1179, '52', 'KG200', 1),
(1180, '52', 'KG270', 1),
(1181, '52', 'KG195', 1),
(1182, '52', 'KG920', 1),
(1183, '52', 'KU730', 1),
(1184, '52', 'U900', 1),
(1185, '52', 'V9000', 1),
(1186, '52', 'KG245', 1),
(1187, '52', 'KG240', 1),
(1188, '52', 'KG225', 1),
(1189, '52', 'KG220', 1),
(1190, '52', 'KG210', 1),
(1191, '52', 'KG190', 1),
(1192, '52', 'KG130', 1),
(1193, '52', 'KG120', 1),
(1194, '52', 'KG110', 1),
(1195, '52', 'U890', 1),
(1196, '52', 'C2600', 1),
(1197, '52', 'U8550', 1),
(1198, '52', 'M6100', 1),
(1199, '52', 'C2500', 1),
(1200, '52', 'C1150', 1),
(1201, '52', 'S5300', 1),
(1202, '52', 'S5200', 1),
(1203, '52', 'S5100', 1),
(1204, '52', 'S5000', 1),
(1205, '52', 'U880', 1),
(1206, '52', 'P7200', 1),
(1207, '52', 'B2250', 1),
(1208, '52', 'B2070', 1),
(1209, '52', 'B2050', 1),
(1210, '52', 'M4410', 1),
(1211, '52', 'M4330', 1),
(1212, '52', 'M4300', 1),
(1213, '52', 'F3000', 1),
(1214, '52', 'F2410', 1),
(1215, '52', 'F2250', 1),
(1216, '52', 'L342i', 1),
(1217, '52', 'L341i', 1),
(1218, '52', 'C3400', 1),
(1219, '52', 'C3380', 1),
(1220, '52', 'C3320', 1),
(1221, '52', 'C3310', 1),
(1222, '52', 'C3300', 1),
(1223, '52', 'U8380', 1),
(1224, '52', 'U8360', 1),
(1225, '52', 'U8330', 1),
(1226, '52', 'U8290', 1),
(1227, '52', 'U8210', 1),
(1228, '52', 'U8200', 1),
(1229, '52', 'U8180', 1),
(1230, '52', 'B2150', 1),
(1231, '52', 'B2100', 1),
(1232, '52', 'B2000', 1),
(1233, '52', 'F2400', 1),
(1234, '52', 'F1200', 1),
(1235, '52', 'F7250', 1),
(1236, '52', 'A7150', 1),
(1237, '52', 'L5100', 1),
(1238, '52', 'C2200', 1),
(1239, '52', 'C2100', 1),
(1240, '52', 'G1800', 1),
(1241, '52', 'G1610', 1),
(1242, '52', 'G1700', 1),
(1243, '52', 'F2300', 1),
(1244, '52', 'F2100', 1),
(1245, '52', 'L3100', 1),
(1246, '52', 'C3100', 1),
(1247, '52', 'G3100', 1),
(1248, '52', 'L1100', 1),
(1249, '52', 'C1400', 1),
(1250, '52', 'C1200', 1),
(1251, '52', 'C1100', 1),
(1252, '52', 'G1600', 1),
(1253, '52', 'T5100', 1),
(1254, '52', 'G7200', 1),
(1255, '52', 'G7120', 1),
(1256, '52', 'U8150', 1),
(1257, '52', 'U8138', 1),
(1258, '52', 'U8120', 1),
(1259, '52', 'U8110', 1),
(1260, '52', 'U8100', 1),
(1261, '52', 'G7100', 1),
(1262, '52', 'G7070', 1),
(1263, '52', 'G7050', 1),
(1264, '52', 'G7030', 1),
(1265, '52', 'G1500', 1),
(1266, '52', 'G5500', 1),
(1267, '52', 'G5400', 1),
(1268, '52', 'G5310', 1),
(1269, '52', 'G5300', 1),
(1270, '52', 'G8000', 1),
(1271, '52', 'G7020', 1),
(1272, '52', 'W7020', 1),
(1273, '52', 'G7000', 1),
(1274, '52', 'W7000', 1),
(1275, '52', 'G5200', 1),
(1276, '52', 'W5200', 1),
(1277, '52', 'G3000', 1),
(1278, '52', 'W3000', 1),
(1279, '52', 'B1200', 1),
(1280, '52', 'LG 510w', 1),
(1281, '52', 'LG-600', 1),
(1282, '52', 'LG-500', 1),
(1283, '91', 'Xperia 1 III', 1),
(1284, '91', 'Xperia 5 III', 1),
(1285, '91', 'Xperia 10 III', 1),
(1286, '91', 'Xperia Pro', 1),
(1287, '91', 'Xperia 5 II', 1),
(1288, '91', 'Xperia 1 II', 1),
(1289, '91', 'Xperia 10 II', 1),
(1290, '91', 'Xperia L4', 1),
(1291, '91', 'Xperia 5', 1),
(1292, '91', 'Xperia 1', 1),
(1293, '91', 'Xperia 10 Plus', 1),
(1294, '91', 'Xperia 10', 1),
(1295, '91', 'Xperia L3', 1),
(1296, '91', 'Xperia XA2 Plus', 1),
(1297, '91', 'Xperia XZ3', 1),
(1298, '91', 'Xperia XZ2 Premium', 1),
(1299, '91', 'Xperia XZ2', 1),
(1300, '91', 'Xperia XZ2 Compact', 1),
(1301, '91', 'Xperia XA2 Ultra', 1),
(1302, '91', 'Xperia XA2', 1),
(1303, '91', 'Xperia L2', 1),
(1304, '91', 'Xperia R1 (Plus)', 1),
(1305, '91', 'Xperia XZ1', 1),
(1306, '91', 'Xperia XA1 Plus', 1),
(1307, '91', 'Xperia XZ1 Compact', 1),
(1308, '91', 'Xperia L1', 1),
(1309, '91', 'Xperia XZs', 1),
(1310, '91', 'Xperia XZ Premium', 1),
(1311, '91', 'Xperia XA1 Ultra', 1),
(1312, '91', 'Xperia XA1', 1),
(1313, '91', 'Xperia X Compact', 1),
(1314, '91', 'Xperia XZ', 1),
(1315, '91', 'Xperia E5', 1),
(1316, '91', 'Xperia XA Ultra', 1),
(1317, '91', 'Xperia X Performance', 1),
(1318, '91', 'Xperia X', 1),
(1319, '91', 'Xperia XA Dual', 1),
(1320, '91', 'Xperia XA', 1),
(1321, '91', 'Xperia Z5 Premium Dual', 1),
(1322, '91', 'Xperia Z5 Premium', 1),
(1323, '91', 'Xperia Z5 Dual', 1),
(1324, '91', 'Xperia Z5', 1),
(1325, '91', 'Xperia Z5 Compact', 1),
(1326, '91', 'Xperia M5 Dual', 1),
(1327, '91', 'Xperia M5', 1),
(1328, '91', 'Xperia C5 Ultra Dual', 1),
(1329, '91', 'Xperia C5 Ultra', 1),
(1330, '91', 'Xperia Z4v', 1),
(1331, '91', 'Xperia Z3+ dual', 1),
(1332, '91', 'Xperia Z3+', 1),
(1333, '91', 'Xperia C4 Dual', 1),
(1334, '91', 'Xperia C4', 1),
(1335, '91', 'Xperia M4 Aqua Dual', 1),
(1336, '91', 'Xperia M4 Aqua', 1),
(1337, '91', 'Xperia Z4 Tablet WiFi', 1),
(1338, '91', 'Xperia Z4 Tablet LTE', 1),
(1339, '91', 'Xperia E4g', 1),
(1340, '91', 'Xperia E4g Dual', 1),
(1341, '91', 'Xperia E4 Dual', 1),
(1342, '91', 'Xperia E4', 1),
(1343, '91', 'Xperia E3 Dual', 1),
(1344, '91', 'Xperia E3', 1),
(1345, '91', 'Xperia Z3 Tablet Compact', 1),
(1346, '91', 'Xperia Z3 Dual', 1),
(1347, '91', 'Xperia Z3v', 1),
(1348, '91', 'Xperia Z3', 1),
(1349, '91', 'Xperia M2 Aqua', 1),
(1350, '91', 'Xperia Z3 Compact', 1),
(1351, '91', 'Xperia C3 Dual', 1),
(1352, '91', 'Xperia C3', 1),
(1353, '91', 'Xperia Z2a', 1),
(1354, '91', 'Xperia T3', 1),
(1355, '91', 'SmartWatch 3 SWR50', 1),
(1356, '91', 'SmartWatch 2 SW2', 1),
(1357, '91', 'Xperia M2', 1),
(1358, '91', 'Xperia M2 dual', 1),
(1359, '91', 'Xperia Z2 Tablet LTE', 1),
(1360, '91', 'Xperia Z2 Tablet Wi-Fi', 1),
(1361, '91', 'Xperia Z2', 1),
(1362, '91', 'Xperia E1 dual', 1),
(1363, '91', 'Xperia E1', 1),
(1364, '91', 'Xperia T2 Ultra dual', 1),
(1365, '91', 'Xperia T2 Ultra', 1),
(1366, '91', 'Xperia Z1s', 1),
(1367, '91', 'Xperia Z1 Compact', 1),
(1368, '91', 'Xperia Z1', 1),
(1369, '91', 'Xperia Z Ultra', 1),
(1370, '91', 'Xperia C', 1),
(1371, '91', 'Xperia M', 1),
(1372, '91', 'Xperia ion HSPA', 1),
(1373, '91', 'Xperia ion LTE', 1),
(1374, '91', 'Tablet P', 1),
(1375, '91', 'Tablet P 3G', 1),
(1376, '91', 'Tablet S 3G', 1),
(1377, '91', 'Tablet S', 1),
(1378, '91', 'CMD Z7', 1),
(1379, '91', 'Xperia LT29i Hayabusa', 1),
(1380, '91', 'CMD J70', 1),
(1381, '91', 'CMD J7', 1),
(1382, '91', 'CMD MZ5', 1),
(1383, '91', 'CMD J6', 1),
(1384, '91', 'CMD J5', 1),
(1385, '91', 'CMD Z5', 1),
(1386, '91', 'CMD CD5', 1),
(1387, '91', 'CMD C1', 1),
(1388, '91', 'CMD Z1 plus', 1),
(1389, '91', 'CMD Z1', 1),
(1390, '91', 'CM-DX 2000', 1),
(1391, '91', 'CM-DX 1000', 1),
(1392, '91', 'Xperia Z4 Compact', 1),
(1393, '91', 'Xperia 5 Plus', 1),
(1394, '91', 'Xperia X Ultra', 1),
(1395, '91', 'Xperia H8541', 1),
(1396, '91', 'Xperia M Ultra', 1),
(1397, '91', 'Xperia X Premium', 1),
(1398, '91', 'Xperia E1 II', 1),
(1399, '91', 'Xperia Z4 Ultra', 1),
(1400, '91', 'D 2403', 1),
(1401, '91', 'Xperia C670X', 1),
(1402, '14', 'KEY2 LE', 1),
(1403, '14', 'Evolve X', 1),
(1404, '14', 'Evolve', 1),
(1405, '14', 'KEY2', 1),
(1406, '14', 'Motion', 1),
(1407, '14', 'Aurora', 1),
(1408, '14', 'Keyone', 1),
(1409, '14', 'DTEK60', 1),
(1410, '14', 'DTEK50', 1),
(1411, '14', 'Priv', 1),
(1412, '14', 'Leap', 1),
(1413, '14', 'Classic Non Camera', 1),
(1414, '14', 'Porsche Design P\'9983', 1),
(1415, '14', 'Passport', 1),
(1416, '14', 'Classic', 1),
(1417, '14', 'Z3', 1),
(1418, '14', 'Porsche Design P\'9982', 1),
(1419, '14', 'Z30', 1),
(1420, '14', '9720', 1),
(1421, '14', 'Q5', 1),
(1422, '14', 'Z10', 1),
(1423, '14', 'Q10', 1),
(1424, '14', '4G LTE Playbook', 1),
(1425, '14', 'Curve 9320', 1),
(1426, '14', 'Curve 9220', 1),
(1427, '14', 'Curve 9380', 1),
(1428, '14', 'Bold 9790', 1),
(1429, '14', 'Porsche Design P\'9981', 1),
(1430, '14', 'Curve 9370', 1),
(1431, '14', 'Curve 9360', 1),
(1432, '14', 'Curve 9350', 1),
(1433, '14', 'Torch 9810', 1),
(1434, '14', 'Torch 9860', 1),
(1435, '14', 'Torch 9850', 1),
(1436, '14', 'Bold Touch 9900', 1),
(1437, '14', 'Bold Touch 9930', 1),
(1438, '14', '4G Playbook HSPA+', 1),
(1439, '14', 'Playbook Wimax', 1),
(1440, '14', 'Playbook', 1),
(1441, '14', 'Bold 9780', 1),
(1442, '14', 'Style 9670', 1),
(1443, '14', 'Curve 3G 9330', 1),
(1444, '14', 'Curve 3G 9300', 1),
(1445, '14', 'Torch 9800', 1),
(1446, '14', 'Pearl 3G 9105', 1),
(1447, '14', 'Pearl 3G 9100', 1),
(1448, '14', 'Bold 9650', 1),
(1449, '14', 'Bold 9700', 1),
(1450, '14', 'Storm2 9520', 1),
(1451, '14', 'Storm2 9550', 1),
(1452, '14', 'Curve 8530', 1),
(1453, '14', 'Curve 8520', 1),
(1454, '14', 'Tour 9630', 1),
(1455, '14', 'Curve 8980', 1),
(1456, '14', 'Curve 8900', 1),
(1457, '14', 'Storm3', 1),
(1458, '14', 'Storm 9500', 1),
(1459, '14', 'Storm 9530', 1),
(1460, '14', 'Pearl Flip 8230', 1),
(1461, '14', 'Pearl Flip 8220', 1),
(1462, '14', 'Bold 9000', 1),
(1463, '14', 'Pearl 8130', 1),
(1464, '14', 'Pearl 8110', 1),
(1465, '14', 'Pearl 8120', 1),
(1466, '14', 'Curve 8330', 1),
(1467, '14', 'Curve 8320', 1),
(1468, '14', 'Curve 8310', 1),
(1469, '14', 'Curve 8300', 1),
(1470, '14', '8820', 1),
(1471, '14', '8830 World Edition', 1),
(1472, '14', '8800', 1),
(1473, '14', 'Pearl 8100', 1),
(1474, '14', '7130g', 1),
(1475, '14', '7130c', 1),
(1476, '14', '7130v', 1),
(1477, '14', '8707v', 1),
(1478, '14', '8700c', 1),
(1479, '14', '7100x', 1),
(1480, '14', '7100t', 1),
(1481, '14', '7100v', 1),
(1482, '14', '7290', 1),
(1483, '14', '7730', 1),
(1484, '14', '7230', 1),
(1485, '14', '6720', 1),
(1486, '14', '6230', 1),
(1487, '14', 'Z20', 1),
(1488, '14', 'A10', 1),
(1489, '14', 'Porsche Design P\'9531', 1),
(1490, '14', 'Playbook 2012', 1),
(1491, '14', 'Curve Touch', 1),
(1492, '14', 'Curve Touch CDMA', 1),
(1493, '66', '110 4G', 1),
(1494, '66', '105 4G', 1),
(1495, '66', 'C20 Plus', 1),
(1496, '66', 'C01 Plus', 1),
(1497, '66', 'X20', 1),
(1498, '66', 'X10', 1),
(1499, '66', 'G20', 1),
(1500, '66', 'G10', 1),
(1501, '66', 'C20', 1),
(1502, '66', 'C10', 1),
(1503, '66', '1.4', 1),
(1504, '66', '5.4', 1),
(1505, '66', 'C1 Plus', 1),
(1506, '66', '8000 4G', 1),
(1507, '66', '6300 4G', 1),
(1508, '66', '8 V 5G UW', 1),
(1509, '66', '2 V Tella', 1),
(1510, '66', '225 4G', 1),
(1511, '66', '215 4G', 1),
(1512, '66', '3.4', 1),
(1513, '66', '2.4', 1),
(1514, '66', 'C3', 1),
(1515, '66', 'C5 Endi', 1),
(1516, '66', 'C2 Tennen', 1),
(1517, '66', 'C2 Tava', 1),
(1518, '66', '150 (2020)', 1),
(1519, '66', '125', 1),
(1520, '66', '8.3 5G', 1),
(1521, '66', '5.3', 1),
(1522, '66', '1.3', 1),
(1523, '66', '5310 (2020)', 1),
(1524, '66', 'C2', 1),
(1525, '66', 'C1', 1),
(1526, '66', '2.3', 1),
(1527, '66', '7.2', 1),
(1528, '66', '6.2', 1),
(1529, '66', '800 Tough', 1),
(1530, '66', '2720 V Flip', 1),
(1531, '66', '2720 Flip', 1),
(1532, '66', '220 4G', 1),
(1533, '66', '110 (2019)', 1),
(1534, '66', '105 (2019)', 1),
(1535, '66', '3.1 C', 1),
(1536, '66', '3.1 A', 1),
(1537, '66', '2.2', 1),
(1538, '66', 'X71', 1),
(1539, '66', '9 PureView', 1),
(1540, '66', '4.2', 1),
(1541, '66', '3 V', 1),
(1542, '66', '3.2', 1),
(1543, '66', '1 Plus', 1),
(1544, '66', '210', 1),
(1545, '66', '8.1 (Nokia X7)', 1),
(1546, '66', '106 (2018)', 1),
(1547, '66', '3.1 Plus', 1),
(1548, '66', '7.1', 1),
(1549, '66', '6.1 Plus (Nokia X6)', 1),
(1550, '66', '5.1 Plus (Nokia X5)', 1),
(1551, '66', '5.1', 1),
(1552, '66', '3.1', 1),
(1553, '66', '2.1', 1),
(1554, '66', '8110 4G', 1),
(1555, '66', '8 Sirocco', 1),
(1556, '66', '7 plus', 1),
(1557, '66', '6.1', 1),
(1558, '66', '1', 1),
(1559, '66', '3310 4G', 1),
(1560, '66', '2', 1),
(1561, '66', '7', 1),
(1562, '66', '3310 3G', 1),
(1563, '66', '8', 1),
(1564, '66', '105 (2017)', 1),
(1565, '66', '130 (2017)', 1),
(1566, '66', '3', 1),
(1567, '66', '5', 1),
(1568, '66', '6', 1),
(1569, '66', '3310 (2017)', 1),
(1570, '66', '150', 1),
(1571, '66', '216', 1),
(1572, '66', '230 Dual SIM', 1),
(1573, '66', '230', 1),
(1574, '66', '222 Dual SIM', 1),
(1575, '66', '222', 1),
(1576, '66', '105 Dual SIM (2015)', 1),
(1577, '66', '105 (2015)', 1),
(1578, '66', '215', 1),
(1579, '66', '215 Dual SIM', 1),
(1580, '66', 'Lumia 638', 1),
(1581, '66', 'Lumia 730 Dual SIM', 1),
(1582, '66', 'Lumia 735', 1),
(1583, '66', 'Lumia 830', 1),
(1584, '66', '130 Dual SIM', 1),
(1585, '66', '130', 1),
(1586, '66', 'Lumia 530 Dual SIM', 1),
(1587, '66', 'Lumia 530', 1),
(1588, '66', 'X2 Dual SIM', 1),
(1589, '66', '225', 1),
(1590, '66', '225 Dual SIM', 1),
(1591, '66', 'Lumia 930', 1),
(1592, '66', 'Lumia 635', 1),
(1593, '66', 'Lumia 630 Dual SIM', 1),
(1594, '66', 'Lumia 630', 1),
(1595, '66', 'XL', 1),
(1596, '66', 'X+', 1),
(1597, '66', 'X', 1),
(1598, '66', 'Asha 230', 1),
(1599, '66', '220', 1),
(1600, '66', 'Lumia Icon', 1),
(1601, '66', 'Lumia 525', 1),
(1602, '66', 'Lumia 1520', 1),
(1603, '66', 'Lumia 1320', 1),
(1604, '66', 'Lumia 2520', 1),
(1605, '66', 'Asha 503 Dual SIM', 1),
(1606, '66', 'Asha 503', 1),
(1607, '66', 'Asha 502 Dual SIM', 1),
(1608, '66', 'Asha 500 Dual SIM', 1),
(1609, '66', 'Asha 500', 1),
(1610, '66', '108 Dual SIM', 1),
(1611, '66', '515', 1),
(1612, '66', '107 Dual SIM', 1),
(1613, '66', '106', 1),
(1614, '66', 'Lumia 625', 1),
(1615, '66', 'Lumia 1020', 1),
(1616, '66', '208', 1),
(1617, '66', '207', 1),
(1618, '66', 'Lumia 925', 1),
(1619, '66', 'Lumia 928', 1),
(1620, '66', 'Asha 501', 1),
(1621, '66', 'Asha 210', 1),
(1622, '66', 'Lumia 720', 1),
(1623, '66', 'Lumia 520', 1),
(1624, '66', '301', 1),
(1625, '66', '105', 1),
(1626, '66', 'Asha 310', 1),
(1627, '66', 'Lumia 505', 1),
(1628, '66', 'Lumia 620', 1),
(1629, '66', '114', 1),
(1630, '66', '206', 1),
(1631, '66', 'Asha 205', 1),
(1632, '66', '109', 1),
(1633, '66', 'Lumia 822', 1),
(1634, '66', 'Lumia 510', 1),
(1635, '66', 'Lumia 810', 1),
(1636, '66', 'Asha 309', 1),
(1637, '66', 'Asha 308', 1),
(1638, '66', 'Lumia 920', 1),
(1639, '66', 'Lumia 820', 1),
(1640, '66', 'Asha 311', 1),
(1641, '66', 'Asha 306', 1),
(1642, '66', 'Asha 305', 1),
(1643, '66', '113', 1),
(1644, '66', '112', 1),
(1645, '66', '111', 1),
(1646, '66', '110', 1),
(1647, '66', 'Lumia 610 NFC', 1),
(1648, '66', '103', 1),
(1649, '66', '808 PureView', 1),
(1650, '66', '800c', 1),
(1651, '66', 'Lumia 610', 1),
(1652, '66', 'Asha 302', 1),
(1653, '66', 'Asha 203', 1),
(1654, '66', 'Asha 202', 1),
(1655, '66', 'Lumia 900', 1),
(1656, '66', 'Lumia 900 AT&T', 1),
(1657, '66', '801T', 1),
(1658, '66', 'X2-02', 1),
(1659, '66', 'Lumia 800', 1),
(1660, '66', 'Lumia 710 T-Mobile', 1),
(1661, '66', 'Lumia 710', 1),
(1662, '66', 'Asha 303', 1),
(1663, '66', 'Asha 300', 1),
(1664, '66', 'Asha 201', 1),
(1665, '66', 'Asha 200', 1),
(1666, '66', '603', 1),
(1667, '66', 'C2-05', 1),
(1668, '66', 'X2-05', 1),
(1669, '66', 'C5-06', 1),
(1670, '66', 'C5-05', 1),
(1671, '66', 'C5-04', 1),
(1672, '66', '101', 1),
(1673, '66', '100', 1),
(1674, '66', '701', 1),
(1675, '66', '700', 1),
(1676, '66', '600', 1),
(1677, '66', 'C3-01 Gold Edition', 1),
(1678, '66', '500', 1),
(1679, '66', 'N9', 1),
(1680, '66', 'C5 5MP', 1),
(1681, '66', 'C2-06', 1),
(1682, '66', 'C2-03', 1),
(1683, '66', 'C2-02', 1),
(1684, '66', '702T', 1),
(1685, '66', 'T7', 1),
(1686, '66', 'N950', 1),
(1687, '66', 'Oro', 1),
(1688, '66', 'X1-01', 1),
(1689, '66', 'X7-00', 1),
(1690, '66', 'E6', 1),
(1691, '66', 'C7 Astound', 1),
(1692, '66', 'X1-00', 1),
(1693, '66', 'X2-01', 1),
(1694, '66', 'C2-01', 1),
(1695, '66', 'C5-03', 1),
(1696, '66', 'E7', 1),
(1697, '66', 'C6-01', 1),
(1698, '66', 'C7', 1),
(1699, '66', 'C3-01 Touch and Type', 1),
(1700, '66', '5250', 1),
(1701, '66', 'X3 Touch and Type S', 1),
(1702, '66', 'X3-02 Touch and Type', 1),
(1703, '66', 'X6 8GB (2010)', 1),
(1704, '66', 'X5-01', 1),
(1705, '66', '5233', 1),
(1706, '66', 'E73 Mode', 1),
(1707, '66', 'C2-00', 1),
(1708, '66', 'C1-02', 1),
(1709, '66', 'C1-01', 1),
(1710, '66', 'C1-00', 1),
(1711, '66', 'N8', 1),
(1712, '66', 'X2-00', 1),
(1713, '66', 'C6', 1),
(1714, '66', 'E5', 1),
(1715, '66', 'C3 (2010)', 1),
(1716, '66', 'C5', 1),
(1717, '66', 'C5 TD-SCDMA', 1),
(1718, '66', 'X5 TD-SCDMA', 1),
(1719, '66', '6303i classic', 1),
(1720, '66', '5132 XpressMusic', 1),
(1721, '66', 'X6 16GB (2010)', 1),
(1722, '66', '2710 Navigation Edition', 1),
(1723, '66', 'X6 (2009)', 1),
(1724, '66', '6700 slide', 1),
(1725, '66', '5330 Mobile TV Edition', 1),
(1726, '66', '2690', 1),
(1727, '66', '2220 slide', 1),
(1728, '66', '1800', 1),
(1729, '66', '1616', 1),
(1730, '66', '1280', 1),
(1731, '66', '5235 Comes With Music', 1),
(1732, '66', '6788', 1),
(1733, '66', 'N97 mini', 1),
(1734, '66', 'X3', 1),
(1735, '66', 'N900', 1),
(1736, '66', '5230', 1),
(1737, '66', '3208c', 1),
(1738, '66', '5800 Navigation Edition', 1),
(1739, '66', '6350', 1),
(1740, '66', 'Mural', 1),
(1741, '66', '6760 slide', 1),
(1742, '66', '6790 Surge', 1),
(1743, '66', '3720 classic', 1),
(1744, '66', '5530 XpressMusic', 1),
(1745, '66', 'E72', 1),
(1746, '66', '3710 fold', 1),
(1747, '66', '6730 classic', 1),
(1748, '66', '6600i slide', 1),
(1749, '66', '7020', 1),
(1750, '66', '2720 fold', 1),
(1751, '66', '2730 classic', 1),
(1752, '66', 'E52', 1),
(1753, '66', '6216 classic', 1),
(1754, '66', '5730 XpressMusic', 1),
(1755, '66', '5330 XpressMusic', 1),
(1756, '66', '5030 XpressRadio', 1),
(1757, '66', 'N86 8MP', 1),
(1758, '66', 'E75', 1),
(1759, '66', 'E55', 1),
(1760, '66', '6720 classic', 1),
(1761, '66', '6710 Navigator', 1),
(1762, '66', '5630 XpressMusic', 1),
(1763, '66', '6700 classic', 1),
(1764, '66', '6303 classic', 1),
(1765, '66', '2700 classic', 1),
(1766, '66', '6208c', 1),
(1767, '66', '8800 Gold Arte', 1),
(1768, '66', 'N97', 1),
(1769, '66', '6260 slide', 1),
(1770, '66', 'E63', 1),
(1771, '66', '7100 Supernova', 1),
(1772, '66', '5130 XpressMusic', 1),
(1773, '66', '2330 classic', 1),
(1774, '66', '2323 classic', 1),
(1775, '66', '1662', 1),
(1776, '66', '1661', 1),
(1777, '66', '1202', 1),
(1778, '66', '5800 XpressMusic', 1),
(1779, '66', 'N85', 1),
(1780, '66', 'N79', 1),
(1781, '66', '8800 Carbon Arte', 1),
(1782, '66', '3610 fold', 1),
(1783, '66', '7610 Supernova', 1),
(1784, '66', '7510 Supernova', 1),
(1785, '66', '7310 Supernova', 1),
(1786, '66', '7210 Supernova', 1),
(1787, '66', 'E71', 1),
(1788, '66', 'E66', 1),
(1789, '66', '703', 1),
(1790, '66', '6600 fold', 1),
(1791, '66', '6600 slide', 1),
(1792, '66', '3600 slide', 1),
(1793, '66', '5320 XpressMusic', 1),
(1794, '66', '5220 XpressMusic', 1),
(1795, '66', '6212 classic', 1),
(1796, '66', '5000', 1),
(1797, '66', '7070 Prism', 1),
(1798, '66', '2680 slide', 1),
(1799, '66', '1680 classic', 1),
(1800, '66', '6300i', 1),
(1801, '66', 'N96', 1),
(1802, '66', 'N78', 1),
(1803, '66', '6220 classic', 1),
(1804, '66', '6210 Navigator', 1),
(1805, '66', '6124 classic', 1),
(1806, '66', '6650 fold', 1),
(1807, '66', '3555', 1),
(1808, '66', '3120 classic', 1);
INSERT INTO `phone_models` (`model_id`, `make_id`, `model`, `status`) VALUES
(1809, '66', '7900 Crystal Prism', 1),
(1810, '66', '2600 classic', 1),
(1811, '66', '1209', 1),
(1812, '66', '3110 Evolve', 1),
(1813, '66', 'N82', 1),
(1814, '66', '8800 Sapphire Arte', 1),
(1815, '66', '8800 Arte', 1),
(1816, '66', '6301', 1),
(1817, '66', 'E51', 1),
(1818, '66', 'E51 camera-free', 1),
(1819, '66', '6263', 1),
(1820, '66', 'N81 8GB', 1),
(1821, '66', 'N81', 1),
(1822, '66', 'N95 8GB', 1),
(1823, '66', '5610 XpressMusic', 1),
(1824, '66', '5310 XpressMusic', 1),
(1825, '66', '6555', 1),
(1826, '66', '7900 Prism', 1),
(1827, '66', '7500 Prism', 1),
(1828, '66', '8600 Luna', 1),
(1829, '66', '6500 slide', 1),
(1830, '66', '6500 classic', 1),
(1831, '66', 'N810', 1),
(1832, '66', '3500 classic', 1),
(1833, '66', 'N87', 1),
(1834, '66', '2630', 1),
(1835, '66', '6267', 1),
(1836, '66', '2760', 1),
(1837, '66', '2660', 1),
(1838, '66', '1650', 1),
(1839, '66', '1208', 1),
(1840, '66', '1200', 1),
(1841, '66', '6120 classic', 1),
(1842, '66', '6121 classic', 1),
(1843, '66', '5700', 1),
(1844, '66', '5070', 1),
(1845, '66', 'E90', 1),
(1846, '66', 'E65', 1),
(1847, '66', 'E61i', 1),
(1848, '66', 'N77', 1),
(1849, '66', '6110 Navigator', 1),
(1850, '66', 'N800', 1),
(1851, '66', '3109 classic', 1),
(1852, '66', '3110 classic', 1),
(1853, '66', 'N76', 1),
(1854, '66', 'N93i', 1),
(1855, '66', '6290', 1),
(1856, '66', '6086', 1),
(1857, '66', '6300', 1),
(1858, '66', '2626', 1),
(1859, '66', 'N95', 1),
(1860, '66', 'N75', 1),
(1861, '66', '5300', 1),
(1862, '66', '5200', 1),
(1863, '66', '6288', 1),
(1864, '66', '6085', 1),
(1865, '66', '8800 Sirocco', 1),
(1866, '66', '7390', 1),
(1867, '66', '7373', 1),
(1868, '66', '6151', 1),
(1869, '66', '6080', 1),
(1870, '66', '1110i', 1),
(1871, '66', 'E50', 1),
(1872, '66', '5500 Sport', 1),
(1873, '66', 'N93', 1),
(1874, '66', 'N73', 1),
(1875, '66', 'N72', 1),
(1876, '66', '2610', 1),
(1877, '66', '2310', 1),
(1878, '66', '1112', 1),
(1879, '66', '6136', 1),
(1880, '66', '6133', 1),
(1881, '66', '6131 NFC', 1),
(1882, '66', '6131', 1),
(1883, '66', '6126', 1),
(1884, '66', '6070', 1),
(1885, '66', '6125', 1),
(1886, '66', '6103', 1),
(1887, '66', '6233', 1),
(1888, '66', '6234', 1),
(1889, '66', '6282', 1),
(1890, '66', '9300i', 1),
(1891, '66', 'N92', 1),
(1892, '66', 'N80', 1),
(1893, '66', 'N71', 1),
(1894, '66', '7380', 1),
(1895, '66', '7370', 1),
(1896, '66', '7360', 1),
(1897, '66', 'E70', 1),
(1898, '66', 'E62', 1),
(1899, '66', 'E61', 1),
(1900, '66', 'E60', 1),
(1901, '66', '3250', 1),
(1902, '66', '6708', 1),
(1903, '66', '6280', 1),
(1904, '66', '6270', 1),
(1905, '66', '6111', 1),
(1906, '66', '6060', 1),
(1907, '66', 'N91', 1),
(1908, '66', 'N90', 1),
(1909, '66', 'N70', 1),
(1910, '66', '2652', 1),
(1911, '66', '1600', 1),
(1912, '66', '1110', 1),
(1913, '66', '1101', 1),
(1914, '66', '5140i', 1),
(1915, '66', '6230i', 1),
(1916, '66', '6021', 1),
(1917, '66', '6030', 1),
(1918, '66', '6680', 1),
(1919, '66', '6681', 1),
(1920, '66', '6101', 1),
(1921, '66', '6822', 1),
(1922, '66', '7710', 1),
(1923, '66', '6020', 1),
(1924, '66', '3230', 1),
(1925, '66', '6670', 1),
(1926, '66', '7280', 1),
(1927, '66', '7270', 1),
(1928, '66', '7260', 1),
(1929, '66', '9300', 1),
(1930, '66', '6630', 1),
(1931, '66', '6260', 1),
(1932, '66', '6170', 1),
(1933, '66', '3128', 1),
(1934, '66', '2650', 1),
(1935, '66', '2600', 1),
(1936, '66', '3220', 1),
(1937, '66', 'N-Gage QD', 1),
(1938, '66', '3120', 1),
(1939, '66', '7610', 1),
(1940, '66', '9500', 1),
(1941, '66', '5140', 1),
(1942, '66', '6610i', 1),
(1943, '66', '3108', 1),
(1944, '66', '7700', 1),
(1945, '66', '7200', 1),
(1946, '66', '6820', 1),
(1947, '66', '6810', 1),
(1948, '66', '3660', 1),
(1949, '66', '7600', 1),
(1950, '66', '3200', 1),
(1951, '66', '2300', 1),
(1952, '66', '1100', 1),
(1953, '66', '6620', 1),
(1954, '66', '6600', 1),
(1955, '66', '3100', 1),
(1956, '66', '7250i', 1),
(1957, '66', '6108', 1),
(1958, '66', '6220', 1),
(1959, '66', '3300', 1),
(1960, '66', 'N-Gage', 1),
(1961, '66', '7250', 1),
(1962, '66', '8910i', 1),
(1963, '66', '6800', 1),
(1964, '66', '6100', 1),
(1965, '66', '5100', 1),
(1966, '66', '2100', 1),
(1967, '66', '6650', 1),
(1968, '66', '3650', 1),
(1969, '66', '3530', 1),
(1970, '66', '3510i', 1),
(1971, '66', '6610', 1),
(1972, '66', '3610', 1),
(1973, '66', '9210i Communicator', 1),
(1974, '66', '7210', 1),
(1975, '66', '6310i', 1),
(1976, '66', '3510', 1),
(1977, '66', '3410', 1),
(1978, '66', '7650', 1),
(1979, '66', '8910', 1),
(1980, '66', '6510', 1),
(1981, '66', '6500', 1),
(1982, '66', '8855', 1),
(1983, '66', '5210', 1),
(1984, '66', '5510', 1),
(1985, '66', '8310', 1),
(1986, '66', '6310', 1),
(1987, '66', '3350', 1),
(1988, '66', '3330', 1),
(1989, '66', '8250', 1),
(1990, '66', '9210 Communicator', 1),
(1991, '66', '3310', 1),
(1992, '66', '8890', 1),
(1993, '66', '8210', 1),
(1994, '66', '8850', 1),
(1995, '66', '8810', 1),
(1996, '66', '6250', 1),
(1997, '66', '6210', 1),
(1998, '66', '7110', 1),
(1999, '66', '9110i Communicator', 1),
(2000, '66', '9000 Communicator', 1),
(2001, '66', '3210', 1),
(2002, '66', '6150', 1),
(2003, '66', '6130', 1),
(2004, '66', '6110', 1),
(2005, '66', '5110', 1),
(2006, '66', '3110', 1),
(2007, '66', '8110', 1),
(2008, '38', 'nova 8i', 1),
(2009, '38', 'Mate 40 Pro 4G', 1),
(2010, '38', 'Mate 40E 4G', 1),
(2011, '38', 'Mate X2 4G', 1),
(2012, '38', 'MatePad Pro 12.6 (2021)', 1),
(2013, '38', 'MatePad Pro 10.8 (2021)', 1),
(2014, '38', 'MatePad 11 (2021)', 1),
(2015, '38', 'Watch 3 Pro', 1),
(2016, '38', 'Watch 3', 1),
(2017, '38', 'nova 8 Pro 4G', 1),
(2018, '38', 'Watch Fit Elegant', 1),
(2019, '38', 'Mate 40E', 1),
(2020, '38', 'P40 4G', 1),
(2021, '38', 'Mate X2', 1),
(2022, '38', 'nova 8 Pro 5G', 1),
(2023, '38', 'nova 8 5G', 1),
(2024, '38', 'Enjoy 20 SE', 1),
(2025, '38', 'nova 8 SE', 1),
(2026, '38', 'Mate 40 RS Porsche Design', 1),
(2027, '38', 'Mate 40 Pro+', 1),
(2028, '38', 'Mate 40 Pro', 1),
(2029, '38', 'Mate 40', 1),
(2030, '38', 'Watch GT 2 Porsche Design', 1),
(2031, '38', 'Mate 30E Pro 5G', 1),
(2032, '38', 'nova 7 SE 5G Youth', 1),
(2033, '38', 'Y7a', 1),
(2034, '38', 'P smart 2021', 1),
(2035, '38', 'MatePad 5G', 1),
(2036, '38', 'Watch GT 2 Pro', 1),
(2037, '38', 'Y9a', 1),
(2038, '38', 'Enjoy 20 Plus 5G', 1),
(2039, '38', 'Enjoy 20 5G', 1),
(2040, '38', 'Watch Fit', 1),
(2041, '38', 'MatePad 10.8', 1),
(2042, '38', 'MatePad T 10s', 1),
(2043, '38', 'Enjoy Tablet 2', 1),
(2044, '38', 'Children\'s Watch 4X', 1),
(2045, '38', 'Enjoy 20 Pro', 1),
(2046, '38', 'Enjoy Z 5G', 1),
(2047, '38', 'P Smart S', 1),
(2048, '38', 'Y8p', 1),
(2049, '38', 'P40 lite 5G', 1),
(2050, '38', 'P30 Pro New Edition', 1),
(2051, '38', 'MatePad T8', 1),
(2052, '38', 'Y8s', 1),
(2053, '38', 'Y6p', 1),
(2054, '38', 'Y5p', 1),
(2055, '38', 'P smart 2020', 1),
(2056, '38', 'nova 7 Pro 5G', 1),
(2057, '38', 'nova 7 5G', 1),
(2058, '38', 'nova 7 SE', 1),
(2059, '38', 'MatePad 10.4', 1),
(2060, '38', 'Watch GT 2e', 1),
(2061, '38', 'P40 Pro+', 1),
(2062, '38', 'P40 Pro', 1),
(2063, '38', 'P40', 1),
(2064, '38', 'P40 lite E', 1),
(2065, '38', 'P40 lite', 1),
(2066, '38', 'MatePad Pro 10.8 5G (2019)', 1),
(2067, '38', 'Mate Xs', 1),
(2068, '38', 'P30 lite New Edition', 1),
(2069, '38', 'Y7p', 1),
(2070, '38', 'nova 7i', 1),
(2071, '38', 'Y6s (2019)', 1),
(2072, '38', 'P smart Pro 2019', 1),
(2073, '38', 'nova 6 5G', 1),
(2074, '38', 'nova 6', 1),
(2075, '38', 'nova 6 SE', 1),
(2076, '38', 'MatePad Pro 10.8 (2019)', 1),
(2077, '38', 'Mate X', 1),
(2078, '38', 'Y9s', 1),
(2079, '38', 'nova 5z', 1),
(2080, '38', 'Enjoy 10s', 1),
(2081, '38', 'Enjoy 10', 1),
(2082, '38', 'Mate 30 RS Porsche Design', 1),
(2083, '38', 'Mate 30 Pro 5G', 1),
(2084, '38', 'Mate 30 Pro', 1),
(2085, '38', 'Mate 30 5G', 1),
(2086, '38', 'Mate 30', 1),
(2087, '38', 'Watch GT 2', 1),
(2088, '38', 'Enjoy 9e', 1),
(2089, '38', 'Enjoy 9s', 1),
(2090, '38', 'Y Max', 1),
(2091, '38', 'MediaPad M5 Lite 8', 1),
(2092, '38', 'Y6 Pro (2019)', 1),
(2093, '38', 'Y6 (2019)', 1),
(2094, '38', 'Y7 (2019)', 1),
(2095, '38', 'Y7 Prime (2019)', 1),
(2096, '38', 'Y7 Pro (2019)', 1),
(2097, '38', 'Y5 lite (2018)', 1),
(2098, '38', 'nova 4', 1),
(2099, '38', 'P smart 2019', 1),
(2100, '38', 'Enjoy 9', 1),
(2101, '38', 'Watch Magic', 1),
(2102, '38', 'Watch GT', 1),
(2103, '38', 'Mate 20 RS Porsche Design', 1),
(2104, '38', 'Mate 20 X', 1),
(2105, '38', 'Mate 20 Pro', 1),
(2106, '38', 'Mate 20', 1),
(2107, '38', 'MediaPad T5', 1),
(2108, '38', 'MediaPad M5 lite', 1),
(2109, '38', 'Y9 (2019)', 1),
(2110, '38', 'Mate 20 lite', 1),
(2111, '38', 'P Smart+ 2019', 1),
(2112, '38', 'nova 3i', 1),
(2113, '38', 'nova 3', 1),
(2114, '38', 'Watch 2 2018', 1),
(2115, '38', 'Y5 Prime (2018)', 1),
(2116, '38', 'Y3 (2018)', 1),
(2117, '38', 'Y6 Prime (2018)', 1),
(2118, '38', 'Y6 (2018)', 1),
(2119, '38', 'Mate RS Porsche Design', 1),
(2120, '38', 'P20 Pro', 1),
(2121, '38', 'P20', 1),
(2122, '38', 'P20 lite', 1),
(2123, '38', 'Y7 Pro (2018)', 1),
(2124, '38', 'Y7 Prime (2018)', 1),
(2125, '38', 'Y7 (2018)', 1),
(2126, '38', 'Y9 (2018)', 1),
(2127, '38', 'MediaPad M5 10 (Pro)', 1),
(2128, '38', 'MediaPad M5 10', 1),
(2129, '38', 'MediaPad M5 8', 1),
(2130, '38', 'P smart', 1),
(2131, '38', 'nova 2s', 1),
(2132, '38', 'Mate 10 Porsche Design', 1),
(2133, '38', 'Mate 10 Pro', 1),
(2134, '38', 'Mate 10', 1),
(2135, '38', 'Watch 2 Pro', 1),
(2136, '38', 'Mate 10 Lite', 1),
(2137, '38', 'P9 lite mini', 1),
(2138, '38', 'Y7 Prime', 1),
(2139, '38', 'MediaPad M3 Lite 8', 1),
(2140, '38', 'MediaPad T3 10', 1),
(2141, '38', 'MediaPad M3 Lite 10', 1),
(2142, '38', 'nova 2 plus', 1),
(2143, '38', 'nova 2', 1),
(2144, '38', 'Y6II Compact', 1),
(2145, '38', 'MediaPad T3 8.0', 1),
(2146, '38', 'MediaPad T3 7.0', 1),
(2147, '38', 'Y7', 1),
(2148, '38', 'Y6 (2017)', 1),
(2149, '38', 'Y5 (2017', 1),
(2150, '38', 'Y3 (2017)', 1),
(2151, '38', 'Watch 2 Classic', 1),
(2152, '38', 'Watch 2', 1),
(2153, '38', 'P10 Plus', 1),
(2154, '38', 'P10', 1),
(2155, '38', 'P10 Lite', 1),
(2156, '38', 'P8 Lite (2017)', 1),
(2157, '38', 'Enjoy 6s', 1),
(2158, '38', 'Mate 9 Pro', 1),
(2159, '38', 'Mate 9 Porsche Design', 1),
(2160, '38', 'Mate 9', 1),
(2161, '38', 'Fit', 1),
(2162, '38', 'Enjoy 6', 1),
(2163, '38', 'MediaPad M3 8.4', 1),
(2164, '38', 'nova plus', 1),
(2165, '38', 'nova', 1),
(2166, '38', 'MediaPad T2 10.0 Pro', 1),
(2167, '38', 'MediaPad T2 7.0 Pro', 1),
(2168, '38', 'MediaPad T2 7.0', 1),
(2169, '38', 'G9 Plus', 1),
(2170, '38', 'MediaPad T1 7.0 Plus', 1),
(2171, '38', 'MediaPad M2 7.0', 1),
(2172, '38', 'Y3II', 1),
(2173, '38', 'Y5II', 1),
(2174, '38', 'P9 lite', 1),
(2175, '38', 'P9 Plus', 1),
(2176, '38', 'P9', 1),
(2177, '38', 'MediaPad M2 10.0', 1),
(2178, '38', 'Watch', 1),
(2179, '38', 'Enjoy 5s', 1),
(2180, '38', 'Mate 8', 1),
(2181, '38', 'G7 Plus', 1),
(2182, '38', 'Y6 Pro', 1),
(2183, '38', 'Nexus 6P', 1),
(2184, '38', 'Mate S', 1),
(2185, '38', 'Y6', 1),
(2186, '38', 'G8', 1),
(2187, '38', 'MediaPad M2 8.0', 1),
(2188, '38', 'Y560', 1),
(2189, '38', 'Y625', 1),
(2190, '38', 'P8lite ALE-L04', 1),
(2191, '38', 'P8lite', 1),
(2192, '38', 'P8max', 1),
(2193, '38', 'P8', 1),
(2194, '38', 'SnapTo', 1),
(2195, '38', 'MediaPad X2', 1),
(2196, '38', 'Y635', 1),
(2197, '38', 'Y360', 1),
(2198, '38', 'Ascend Y540', 1),
(2199, '38', 'Ascend G628', 1),
(2200, '38', 'Ascend Y520', 1),
(2201, '38', 'Ascend Y221', 1),
(2202, '38', 'Ascend GX1', 1),
(2203, '38', 'Ascend Mate7 Monarch', 1),
(2204, '38', 'MediaPad T1 10', 1),
(2205, '38', 'MediaPad T1 8.0', 1),
(2206, '38', 'MediaPad T1 7.0', 1),
(2207, '38', 'Ascend G620s', 1),
(2208, '38', 'Ascend Y550', 1),
(2209, '38', 'Ascend G7', 1),
(2210, '38', 'Ascend P7 Sapphire Edition', 1),
(2211, '38', 'Ascend Mate7', 1),
(2212, '38', 'Ascend G535', 1),
(2213, '38', 'Y300II', 1),
(2214, '38', 'Ascend G630', 1),
(2215, '38', 'Ascend Y330', 1),
(2216, '38', 'Ascend Plus', 1),
(2217, '38', 'Ascend P7', 1),
(2218, '38', 'Ascend P7 mini', 1),
(2219, '38', 'Ascend G730', 1),
(2220, '38', 'Ascend Y600', 1),
(2221, '38', 'MediaPad 10 Link+', 1),
(2222, '38', 'Ascend G6 4G', 1),
(2223, '38', 'Ascend G6', 1),
(2224, '38', 'MediaPad M1', 1),
(2225, '38', 'MediaPad X1', 1),
(2226, '38', 'Ascend Y530', 1),
(2227, '38', 'MediaPad 7 Youth2', 1),
(2228, '38', 'Ascend P6 S', 1),
(2229, '38', 'Ascend Mate2 4G', 1),
(2230, '38', 'Ascend Y320', 1),
(2231, '38', 'Ascend Y220', 1),
(2232, '38', 'Ascend G740', 1),
(2233, '38', 'Ascend Y511', 1),
(2234, '38', 'Ascend W2', 1),
(2235, '38', 'G6153', 1),
(2236, '38', 'G3621L', 1),
(2237, '38', 'Ascend G700', 1),
(2238, '38', 'G610s', 1),
(2239, '38', 'U8687 Cronos', 1),
(2240, '38', 'Ascend G525', 1),
(2241, '38', 'MediaPad 7 Youth', 1),
(2242, '38', 'MediaPad 7 Vogue', 1),
(2243, '38', 'Ascend P6', 1),
(2244, '38', 'Ascend Y300', 1),
(2245, '38', 'Premia 4G M931', 1),
(2246, '38', 'Ascend Y210D', 1),
(2247, '38', 'Ascend P2', 1),
(2248, '38', 'Ascend G615', 1),
(2249, '38', 'Ascend G526', 1),
(2250, '38', 'Ascend G350', 1),
(2251, '38', 'Ascend G312', 1),
(2252, '38', 'Ascend W1', 1),
(2253, '38', 'Ascend Mate', 1),
(2254, '38', 'Ascend D2', 1),
(2255, '38', 'Ascend G510', 1),
(2256, '38', 'Ascend G500', 1),
(2257, '38', 'Ascend Y201 Pro', 1),
(2258, '38', 'MediaPad 10 Link', 1),
(2259, '38', 'Ascend Y', 1),
(2260, '38', 'Summit', 1),
(2261, '38', 'Ascend P1 LTE', 1),
(2262, '38', 'Fusion 2 U8665', 1),
(2263, '38', 'Ascend G600', 1),
(2264, '38', 'Ascend G330', 1),
(2265, '38', 'MediaPad 7 Lite', 1),
(2266, '38', 'Ascend Y100', 1),
(2267, '38', 'Ascend Y200', 1),
(2268, '38', 'Ascend G330D U8825D', 1),
(2269, '38', 'Ascend G300', 1),
(2270, '38', 'Ascend P1 XL U9200E', 1),
(2271, '38', 'Ascend P1', 1),
(2272, '38', 'Ascend Q M5660', 1),
(2273, '38', 'G6005', 1),
(2274, '38', 'G6800', 1),
(2275, '38', 'G6310', 1),
(2276, '38', 'G5000', 1),
(2277, '38', 'Activa 4G', 1),
(2278, '38', 'G5520', 1),
(2279, '38', 'G6609', 1),
(2280, '38', 'Fusion U8652', 1),
(2281, '38', 'MediaPad 10 FHD', 1),
(2282, '38', 'Ascend D1 XL U9500E', 1),
(2283, '38', 'Ascend D1', 1),
(2284, '38', 'Ascend D quad XL', 1),
(2285, '38', 'Ascend D quad', 1),
(2286, '38', 'Ascend P1s', 1),
(2287, '38', 'M886 Mercury', 1),
(2288, '38', 'G7300', 1),
(2289, '38', 'G7005', 1),
(2290, '38', 'MediaPad', 1),
(2291, '38', 'MediaPad S7-301w', 1),
(2292, '38', 'D51 Discovery', 1),
(2293, '38', 'U8520 Duplex', 1),
(2294, '38', 'T8300', 1),
(2295, '38', 'U8350 Boulder', 1),
(2296, '38', 'Impulse 4G', 1),
(2297, '38', 'Pillar', 1),
(2298, '38', 'U8850 Vision', 1),
(2299, '38', 'Ascend II', 1),
(2300, '38', 'U8800 Pro', 1),
(2301, '38', 'G7206', 1),
(2302, '38', 'U5510', 1),
(2303, '38', 'G6620', 1),
(2304, '38', 'U8650 Sonic', 1),
(2305, '38', 'U8180 IDEOS X1', 1),
(2306, '38', 'G6608', 1),
(2307, '38', 'G7010', 1),
(2308, '38', 'U5900s', 1),
(2309, '38', 'IDEOS S7 Slim', 1),
(2310, '38', 'IDEOS S7 Slim CDMA', 1),
(2311, '38', 'U9000 IDEOS X6', 1),
(2312, '38', 'U8800 IDEOS X5', 1),
(2313, '38', 'U8510 IDEOS X3', 1),
(2314, '38', 'U8150 IDEOS', 1),
(2315, '38', 'U8500 IDEOS X2', 1),
(2316, '38', 'U7520', 1),
(2317, '38', 'G6150', 1),
(2318, '38', 'G7002', 1),
(2319, '38', 'U8300', 1),
(2320, '38', 'IDEOS S7', 1),
(2321, '38', 'C3200', 1),
(2322, '38', 'U3100', 1),
(2323, '38', 'U8230', 1),
(2324, '38', 'U8220', 1),
(2325, '38', 'U7510', 1),
(2326, '38', 'U1270', 1),
(2327, '38', 'U9130 Compass', 1),
(2328, '38', 'U1250', 1),
(2329, '38', 'G6600 Passport', 1),
(2330, '38', 'U9150', 1),
(2331, '38', 'U7310', 1),
(2332, '38', 'U121', 1),
(2333, '38', 'U120', 1),
(2334, '38', 'U3300', 1),
(2335, '38', 'U1310', 1),
(2336, '38', 'U1100', 1),
(2337, '38', 'U1000', 1),
(2338, '38', 'T156', 1),
(2339, '38', 'T158', 1),
(2340, '38', 'T208', 1),
(2341, '38', 'T261L', 1),
(2342, '38', 'T211', 1),
(2343, '38', 'T161L', 1),
(2344, '38', 'T330', 1),
(2345, '38', 'T201', 1),
(2346, '38', 'T552', 1),
(2347, '33', 'Pixel 5', 1),
(2348, '33', 'Pixel 4a 5G', 1),
(2349, '33', 'Pixel 4a', 1),
(2350, '33', 'Pixel 4 XL', 1),
(2351, '33', 'Pixel 4', 1),
(2352, '33', 'Pixel 3a XL', 1),
(2353, '33', 'Pixel 3a', 1),
(2354, '33', 'Pixel 3 XL', 1),
(2355, '33', 'Pixel 3', 1),
(2356, '33', 'Pixel 2', 1),
(2357, '33', 'Pixel 2 XL', 1),
(2358, '33', 'Pixel XL', 1),
(2359, '33', 'Pixel', 1),
(2360, '33', 'Pixel C', 1),
(2361, '61', 'one 5G UW ace', 1),
(2362, '61', 'Defy (2021)', 1),
(2363, '61', 'Moto G Stylus 5G', 1),
(2364, '61', 'Moto G20', 1),
(2365, '61', 'Moto G60', 1),
(2366, '61', 'Moto G40 Fusion', 1),
(2367, '61', 'Moto G100', 1),
(2368, '61', 'Moto G50', 1),
(2369, '61', 'Moto G10 Power', 1),
(2370, '61', 'Moto E7i Power', 1),
(2371, '61', 'Moto E7 Power', 1),
(2372, '61', 'Moto G30', 1),
(2373, '61', 'Moto G10', 1),
(2374, '61', 'Moto E6i', 1),
(2375, '61', 'Edge S', 1),
(2376, '61', 'One 5G Ace', 1),
(2377, '61', 'Moto G Stylus (2021)', 1),
(2378, '61', 'Moto G Power (2021)', 1),
(2379, '61', 'Moto G Play (2021)', 1),
(2380, '61', 'Moto E7', 1),
(2381, '61', 'Moto G 5G', 1),
(2382, '61', 'Moto G9 Power', 1),
(2383, '61', 'Razr 5G', 1),
(2384, '61', 'Moto G9 Plus', 1),
(2385, '61', 'Moto E7 Plus', 1),
(2386, '61', 'One 5G UW', 1),
(2387, '61', 'One 5G', 1),
(2388, '61', 'Moto G9 Play', 1),
(2389, '61', 'Moto G9 (India)', 1),
(2390, '61', 'Moto G 5G Plus', 1),
(2391, '61', 'One Fusion', 1),
(2392, '61', 'One Fusion+', 1),
(2393, '61', 'One Vision Plus', 1),
(2394, '61', 'Moto G Fast', 1),
(2395, '61', 'Moto E (2020)', 1),
(2396, '61', 'Moto G Pro', 1),
(2397, '61', 'Edge+', 1),
(2398, '61', 'Edge', 1),
(2399, '61', 'Moto G8 Power Lite', 1),
(2400, '61', 'Moto E6s (2020)', 1),
(2401, '61', 'Moto G8', 1),
(2402, '61', 'Moto G Stylus', 1),
(2403, '61', 'Moto G Power', 1),
(2404, '61', 'Moto G8 Power', 1),
(2405, '61', 'One Hyper', 1),
(2406, '61', 'Razr 2019', 1),
(2407, '61', 'Moto G8 Play', 1),
(2408, '61', 'Moto E6 Play', 1),
(2409, '61', 'Moto G8 Plus', 1),
(2410, '61', 'One Macro', 1),
(2411, '61', 'Moto E6 Plus', 1),
(2412, '61', 'One Zoom', 1),
(2413, '61', 'One Action', 1),
(2414, '61', 'Moto E6', 1),
(2415, '61', 'Moto Z4', 1),
(2416, '61', 'One Vision', 1),
(2417, '61', 'Moto G7 Plus', 1),
(2418, '61', 'Moto G7', 1),
(2419, '61', 'Moto G7 Power', 1),
(2420, '61', 'Moto G7 Play', 1),
(2421, '61', 'One (P30 Play)', 1),
(2422, '61', 'One Power (P30 Note)', 1),
(2423, '61', 'Moto Z3', 1),
(2424, '61', 'Moto Z3 Play', 1),
(2425, '61', 'Moto E5 Cruise', 1),
(2426, '61', 'Moto E5 Play Go', 1),
(2427, '61', 'Moto E5 Play', 1),
(2428, '61', 'Moto E5 Plus', 1),
(2429, '61', 'Moto E5', 1),
(2430, '61', 'P30', 1),
(2431, '61', 'Moto G6 Play', 1),
(2432, '61', 'Moto G6 Plus', 1),
(2433, '61', 'Moto G6', 1),
(2434, '61', 'Moto X5', 1),
(2435, '61', 'Moto X4', 1),
(2436, '61', 'Moto G5S Plus', 1),
(2437, '61', 'Moto G5S', 1),
(2438, '61', 'Moto Z2 Force', 1),
(2439, '61', 'Moto E4 Plus', 1),
(2440, '61', 'Moto E4 Plus (USA)', 1),
(2441, '61', 'Moto E4', 1),
(2442, '61', 'Moto E4 (USA)', 1),
(2443, '61', 'Moto Z2 Play', 1),
(2444, '61', 'Moto C Plus', 1),
(2445, '61', 'Moto C', 1),
(2446, '61', 'Moto G5 Plus', 1),
(2447, '61', 'Moto G5', 1),
(2448, '61', 'Moto M', 1),
(2449, '61', 'Moto E3 Power', 1),
(2450, '61', 'Moto Z Play', 1),
(2451, '61', 'Moto E3', 1),
(2452, '61', 'Moto Z Force', 1),
(2453, '61', 'Moto Z', 1),
(2454, '61', 'Moto G4 Plus', 1),
(2455, '61', 'Moto G4', 1),
(2456, '61', 'Moto G4 Play', 1),
(2457, '61', 'Moto G Turbo', 1),
(2458, '61', 'Moto X Force', 1),
(2459, '61', 'Droid Turbo 2', 1),
(2460, '61', 'Droid Maxx 2', 1),
(2461, '61', 'Moto X Style', 1),
(2462, '61', 'Moto X Play Dual SIM', 1),
(2463, '61', 'Moto X Play', 1),
(2464, '61', 'Moto G Dual SIM (3rd gen)', 1),
(2465, '61', 'Moto 360 Sport (1st gen)', 1),
(2466, '61', 'Moto 360 42mm (2nd gen)', 1),
(2467, '61', 'Moto 360 46mm (2nd gen)', 1),
(2468, '61', 'Moto 360 (1st gen)', 1),
(2469, '61', 'Moto G (3rd gen)', 1),
(2470, '61', 'Moto E Dual SIM (2nd gen)', 1),
(2471, '61', 'Moto E (2nd gen)', 1),
(2472, '61', 'Moto G 4G (2nd gen)', 1),
(2473, '61', 'Moto G 4G Dual SIM (2nd gen)', 1),
(2474, '61', 'Moto Maxx', 1),
(2475, '61', 'DROID Turbo', 1),
(2476, '61', 'Nexus 6', 1),
(2477, '61', 'Moto X (2nd Gen)', 1),
(2478, '61', 'Moto G Dual SIM (2nd gen)', 1),
(2479, '61', 'Moto G (2nd gen)', 1),
(2480, '61', 'Moto G 4G', 1),
(2481, '61', 'Luge', 1),
(2482, '61', 'Moto E', 1),
(2483, '61', 'Moto E Dual SIM', 1),
(2484, '61', 'Moto G Dual SIM', 1),
(2485, '61', 'Moto G', 1),
(2486, '61', 'Moto X', 1),
(2487, '61', 'DROID Ultra', 1),
(2488, '61', 'DROID Maxx', 1),
(2489, '61', 'DROID Mini', 1),
(2490, '61', 'RAZR D3 XT919', 1),
(2491, '61', 'RAZR D1', 1),
(2492, '61', 'Electrify M XT905', 1),
(2493, '61', 'RAZR i XT890', 1),
(2494, '61', 'DROID RAZR MAXX HD', 1),
(2495, '61', 'DROID RAZR HD', 1),
(2496, '61', 'RAZR HD XT925', 1),
(2497, '61', 'DROID RAZR M', 1),
(2498, '61', 'RAZR M XT905', 1),
(2499, '61', 'DEFY XT XT556', 1),
(2500, '61', 'Electrify 2 XT881', 1),
(2501, '61', 'Photon Q 4G LTE XT897', 1),
(2502, '61', 'Defy Pro XT560', 1),
(2503, '61', 'ATRIX HD MB886', 1),
(2504, '61', 'XT760', 1),
(2505, '61', 'ATRIX TV XT687', 1),
(2506, '61', 'ATRIX TV XT682', 1),
(2507, '61', 'MotoGO TV EX440', 1),
(2508, '61', 'Motosmart Me XT303', 1),
(2509, '61', 'MOTOKEY 3-CHIP EX117', 1),
(2510, '61', 'RAZR V XT885', 1),
(2511, '61', 'RAZR V XT889', 1),
(2512, '61', 'RAZR V MT887', 1),
(2513, '61', 'MOTOSMART MIX XT550', 1),
(2514, '61', 'MotoGO EX430', 1),
(2515, '61', 'Motosmart Flip XT611', 1),
(2516, '61', 'XT390', 1),
(2517, '61', 'RAZR MAXX', 1),
(2518, '61', 'DEFY XT535', 1),
(2519, '61', 'GLEAM+ WX308', 1),
(2520, '61', 'DROID 4 XT894', 1),
(2521, '61', 'DROID RAZR MAXX', 1),
(2522, '61', 'Motoluxe MT680', 1),
(2523, '61', 'Motoluxe XT389', 1),
(2524, '61', 'Motoluxe', 1),
(2525, '61', 'Defy Mini XT321', 1),
(2526, '61', 'Defy Mini XT320', 1),
(2527, '61', 'XT319', 1),
(2528, '61', 'WX306', 1),
(2529, '61', 'Fire', 1),
(2530, '61', 'MT917', 1),
(2531, '61', 'XT928', 1),
(2532, '61', 'DROID XYBOARD 8.2 MZ609', 1),
(2533, '61', 'DROID XYBOARD 10.1 MZ617', 1),
(2534, '61', 'XT532', 1),
(2535, '61', 'MOTO XT615', 1),
(2536, '61', 'EX226', 1),
(2537, '61', 'Motokey Social', 1),
(2538, '61', 'XOOM 2 Media Edition 3G MZ608', 1),
(2539, '61', 'XOOM 2 Media Edition MZ607', 1),
(2540, '61', 'XOOM 2 3G MZ616', 1),
(2541, '61', 'XOOM 2 MZ615', 1),
(2542, '61', 'XOOM Media Edition MZ505', 1),
(2543, '61', 'RAZR XT910', 1),
(2544, '61', 'DROID RAZR XT912', 1),
(2545, '61', 'ATRIX 2 MB865', 1),
(2546, '61', 'Admiral XT603', 1),
(2547, '61', 'ME632', 1),
(2548, '61', 'PRO+', 1),
(2549, '61', 'DEFY+', 1),
(2550, '61', 'EX212', 1),
(2551, '61', 'EX119', 1),
(2552, '61', 'MOTOKEY XT EX118', 1),
(2553, '61', 'MOTOKEY Mini EX109', 1),
(2554, '61', 'MOTOKEY Mini EX108', 1),
(2555, '61', 'WX294', 1),
(2556, '61', 'FIRE XT', 1),
(2557, '61', 'FIRE XT311', 1),
(2558, '61', 'SPICE Key XT317', 1),
(2559, '61', 'SPICE Key', 1),
(2560, '61', 'MILESTONE 3 XT860', 1),
(2561, '61', 'DROID 3', 1),
(2562, '61', 'Triumph', 1),
(2563, '61', 'Photon 4G MB855', 1),
(2564, '61', 'EX232', 1),
(2565, '61', 'WILDER', 1),
(2566, '61', 'MOTO MT870', 1),
(2567, '61', 'MOTO MT620', 1),
(2568, '61', 'Milestone XT883', 1),
(2569, '61', 'MOTO XT882', 1),
(2570, '61', 'MOTO XT316', 1),
(2571, '61', 'XPRT MB612', 1),
(2572, '61', 'GLEAM', 1),
(2573, '61', 'PRO', 1),
(2574, '61', 'XOOM MZ604', 1),
(2575, '61', 'XOOM MZ601', 1),
(2576, '61', 'XOOM MZ600', 1),
(2577, '61', 'ATRIX', 1),
(2578, '61', 'ATRIX 4G', 1),
(2579, '61', 'Cliq 2', 1),
(2580, '61', 'DROID BIONIC XT875', 1),
(2581, '61', 'DROID BIONIC XT865', 1),
(2582, '61', 'DROID X ME811', 1),
(2583, '61', 'MOTO ME525', 1),
(2584, '61', 'MILESTONE 2 ME722', 1),
(2585, '61', 'DROID 2 Global', 1),
(2586, '61', 'EX122', 1),
(2587, '61', 'EX128', 1),
(2588, '61', 'MOTOTV EX245', 1),
(2589, '61', 'DROID PRO XT610', 1),
(2590, '61', 'XT301', 1),
(2591, '61', 'SPICE XT300', 1),
(2592, '61', 'FLIPSIDE MB508', 1),
(2593, '61', 'MOTO MT716', 1),
(2594, '61', 'BRAVO MB520', 1),
(2595, '61', 'CITRUS WX445', 1),
(2596, '61', 'EX300', 1),
(2597, '61', 'EX210', 1),
(2598, '61', 'EX201', 1),
(2599, '61', 'EX115', 1),
(2600, '61', 'EX112', 1),
(2601, '61', 'CUPE', 1),
(2602, '61', 'DEFY', 1),
(2603, '61', 'MILESTONE 2', 1),
(2604, '61', 'DROID 2', 1),
(2605, '61', 'MT810lx', 1),
(2606, '61', 'XT810', 1),
(2607, '61', 'XT806', 1),
(2608, '61', 'A1260', 1),
(2609, '61', 'A1680', 1),
(2610, '61', 'Grasp WX404', 1),
(2611, '61', 'Rambler', 1),
(2612, '61', 'CHARM', 1),
(2613, '61', 'ES400', 1),
(2614, '61', 'DROID X2', 1),
(2615, '61', 'DROID X', 1),
(2616, '61', 'MILESTONE XT720', 1),
(2617, '61', 'XT720 MOTOROI', 1),
(2618, '61', 'Quench XT5 XT502', 1),
(2619, '61', 'Quench XT3 XT502', 1),
(2620, '61', 'WX295', 1),
(2621, '61', 'FlipOut', 1),
(2622, '61', 'WX290', 1),
(2623, '61', 'WX265', 1),
(2624, '61', 'WX260', 1),
(2625, '61', 'WX181', 1),
(2626, '61', 'WX161', 1),
(2627, '61', 'QUENCH', 1),
(2628, '61', 'BACKFLIP', 1),
(2629, '61', 'XT800 ZHISHANG', 1),
(2630, '61', 'XT701', 1),
(2631, '61', 'MT710 ZHILING', 1),
(2632, '61', 'MOTO XT702', 1),
(2633, '61', 'MILESTONE', 1),
(2634, '61', 'WX395', 1),
(2635, '61', 'WX390', 1),
(2636, '61', 'WX288', 1),
(2637, '61', 'WX280', 1),
(2638, '61', 'WX180', 1),
(2639, '61', 'WX160', 1),
(2640, '61', 'Motocubo A45', 1),
(2641, '61', 'DEXT MB220', 1),
(2642, '61', 'ROKR ZN50', 1),
(2643, '61', 'Karma QA1', 1),
(2644, '61', 'L800t', 1),
(2645, '61', 'W7 Active Edition', 1),
(2646, '61', 'ROKR W6', 1),
(2647, '61', 'MC55', 1),
(2648, '61', 'ZN300', 1),
(2649, '61', 'E11', 1),
(2650, '61', 'A3100', 1),
(2651, '61', 'A3000', 1),
(2652, '61', 'Tundra VA76r', 1),
(2653, '61', 'W233 Renew', 1),
(2654, '61', 'COCKTAIL VE70', 1),
(2655, '61', 'VE66', 1),
(2656, '61', 'EM35', 1),
(2657, '61', 'Aura', 1),
(2658, '61', 'Q 11', 1),
(2659, '61', 'VE538', 1),
(2660, '61', 'RAZR2 V9x', 1),
(2661, '61', 'ZN200', 1),
(2662, '61', 'W396', 1),
(2663, '61', 'W231', 1),
(2664, '61', 'EM30', 1),
(2665, '61', 'EM28', 1),
(2666, '61', 'EM25', 1),
(2667, '61', 'PEBL VU20', 1),
(2668, '61', 'MOTOACTV W450', 1),
(2669, '61', 'VE75', 1),
(2670, '61', 'ZN5', 1),
(2671, '61', 'A1210', 1),
(2672, '61', 'A1600', 1),
(2673, '61', 'A1890', 1),
(2674, '61', 'A1800', 1),
(2675, '61', 'A810', 1),
(2676, '61', 'W388', 1),
(2677, '61', 'Z9', 1),
(2678, '61', 'Z6w', 1),
(2679, '61', 'Z6c', 1),
(2680, '61', 'W181', 1),
(2681, '61', 'W177', 1),
(2682, '61', 'W161', 1),
(2683, '61', 'W270', 1),
(2684, '61', 'W230', 1),
(2685, '61', 'RIZR Z10', 1),
(2686, '61', 'ROKR E8', 1),
(2687, '61', 'W377', 1),
(2688, '61', 'W213', 1),
(2689, '61', 'W180', 1),
(2690, '61', 'W160', 1),
(2691, '61', 'U9', 1),
(2692, '61', 'V1100', 1),
(2693, '61', 'PEBL U3', 1),
(2694, '61', 'RAZR2 V9', 1),
(2695, '61', 'RAZR2 V8', 1),
(2696, '61', 'ROKR W5', 1),
(2697, '61', 'W490', 1),
(2698, '61', 'W395', 1),
(2699, '61', 'W380', 1),
(2700, '61', 'W360', 1),
(2701, '61', 'W218', 1),
(2702, '61', 'RIZR Z8', 1),
(2703, '61', 'KRZR K3', 1),
(2704, '61', 'SLVR L9', 1),
(2705, '61', 'Q 9h', 1),
(2706, '61', 'Q8', 1),
(2707, '61', 'W510', 1),
(2708, '61', 'W215', 1),
(2709, '61', 'W205', 1),
(2710, '61', 'ROKR Z6', 1),
(2711, '61', 'ROKR E6', 1),
(2712, '61', 'SLVR L7e', 1),
(2713, '61', 'RAZR maxx V6', 1),
(2714, '61', 'RAZR V3xx', 1),
(2715, '61', 'RIZR Z3', 1),
(2716, '61', 'KRZR K1', 1),
(2717, '61', 'W209', 1),
(2718, '61', 'W375', 1),
(2719, '61', 'W208', 1),
(2720, '61', 'MOTOFONE F3', 1),
(2721, '61', 'W220', 1),
(2722, '61', 'V195', 1),
(2723, '61', 'V191', 1),
(2724, '61', 'ROKR E2', 1),
(2725, '61', 'RAZR V3i', 1),
(2726, '61', 'ROKR E1', 1),
(2727, '61', 'A910', 1),
(2728, '61', 'A1200', 1),
(2729, '61', 'A728', 1),
(2730, '61', 'A732', 1),
(2731, '61', 'E895', 1),
(2732, '61', 'V3x', 1),
(2733, '61', 'E1070', 1),
(2734, '61', 'E770', 1),
(2735, '61', 'SLVR L7', 1),
(2736, '61', 'PEBL U6', 1),
(2737, '61', 'A1010', 1),
(2738, '61', 'E1060', 1),
(2739, '61', 'E1120', 1),
(2740, '61', 'V1050', 1),
(2741, '61', 'C261', 1),
(2742, '61', 'C257', 1),
(2743, '61', 'C168', 1),
(2744, '61', 'C139', 1),
(2745, '61', 'C123', 1),
(2746, '61', 'C118', 1),
(2747, '61', 'C117', 1),
(2748, '61', 'C113a', 1),
(2749, '61', 'C113', 1),
(2750, '61', 'C390', 1),
(2751, '61', 'E680i', 1),
(2752, '61', 'V560', 1),
(2753, '61', 'V557', 1),
(2754, '61', 'V361', 1),
(2755, '61', 'V360', 1),
(2756, '61', 'L6', 1),
(2757, '61', 'L2', 1),
(2758, '61', 'V235', 1),
(2759, '61', 'V230', 1),
(2760, '61', 'V186', 1),
(2761, '61', 'V176', 1),
(2762, '61', 'E378i', 1),
(2763, '61', 'V635', 1),
(2764, '61', 'A668', 1),
(2765, '61', 'V980', 1),
(2766, '61', 'C980', 1),
(2767, '61', 'V535', 1),
(2768, '61', 'V547', 1),
(2769, '61', 'E375', 1),
(2770, '61', 'RAZR V3', 1),
(2771, '61', 'Droid Bionic Targa', 1),
(2772, '61', 'Droid XTreme', 1),
(2773, '61', 'A780', 1),
(2774, '61', 'V975', 1),
(2775, '61', 'C975', 1),
(2776, '61', 'V620', 1),
(2777, '61', 'V555', 1),
(2778, '61', 'A840', 1),
(2779, '61', 'E680', 1),
(2780, '61', 'E398', 1),
(2781, '61', 'C650', 1),
(2782, '61', 'V226', 1),
(2783, '61', 'V188', 1),
(2784, '61', 'V171', 1),
(2785, '61', 'C155', 1),
(2786, '61', 'C116', 1),
(2787, '61', 'C115', 1),
(2788, '61', 'MPx', 1),
(2789, '61', 'MPx220', 1),
(2790, '61', 'MPx100', 1),
(2791, '61', 'V872', 1),
(2792, '61', 'V1000', 1),
(2793, '61', 'E1000', 1),
(2794, '61', 'A1000', 1),
(2795, '61', 'A768i', 1),
(2796, '61', 'A630', 1),
(2797, '61', 'C380/C385', 1),
(2798, '61', 'V80', 1),
(2799, '61', 'C289', 1),
(2800, '61', 'C205', 1),
(2801, '61', 'V400p', 1),
(2802, '61', 'V220', 1),
(2803, '61', 'V180', 1),
(2804, '61', 'V878', 1),
(2805, '61', 'A925', 1),
(2806, '61', 'A920', 1),
(2807, '61', 'V750', 1),
(2808, '61', 'MPx200', 1),
(2809, '61', 'V690', 1),
(2810, '61', 'V525', 1),
(2811, '61', 'V501', 1),
(2812, '61', 'V500', 1),
(2813, '61', 'V303', 1),
(2814, '61', 'V300', 1),
(2815, '61', 'V600', 1),
(2816, '61', 'V150', 1),
(2817, '61', 'E390', 1),
(2818, '61', 'C550', 1),
(2819, '61', 'C450', 1),
(2820, '61', 'C250', 1),
(2821, '61', 'C230', 1),
(2822, '61', 'C200', 1),
(2823, '61', 'A835', 1),
(2824, '61', 'A830', 1),
(2825, '61', 'A760', 1),
(2826, '61', 'V295', 1),
(2827, '61', 'V291', 1),
(2828, '61', 'V290', 1),
(2829, '61', 'A388c', 1),
(2830, '61', 'C350', 1),
(2831, '61', 'T725', 1),
(2832, '61', 'T720i', 1),
(2833, '61', 'T720', 1),
(2834, '61', 'T190', 1),
(2835, '61', 'E380', 1),
(2836, '61', 'E365', 1),
(2837, '61', 'E360', 1),
(2838, '61', 'V70', 1),
(2839, '61', 'C336', 1),
(2840, '61', 'C333', 1),
(2841, '61', 'C332', 1),
(2842, '61', 'C331', 1),
(2843, '61', 'C300', 1),
(2844, '61', 'V60i', 1),
(2845, '61', 'V66i', 1),
(2846, '61', 'Accompli 388', 1),
(2847, '61', 'V60', 1),
(2848, '61', 'Accompli 008', 1),
(2849, '61', 'Timeport 280', 1),
(2850, '61', 'Timeport 260', 1),
(2851, '61', 'Timeport 250', 1),
(2852, '61', 'Talkabout T192', 1),
(2853, '61', 'Talkabout T191', 1),
(2854, '61', 'Accompli 009', 1),
(2855, '61', 'V.box(V100)', 1),
(2856, '61', 'V66', 1),
(2857, '61', 'V50', 1),
(2858, '61', 'T180', 1),
(2859, '61', 'A6188', 1),
(2860, '61', 'v8088', 1),
(2861, '61', 'Talkabout T2288', 1),
(2862, '61', 'V2288', 1),
(2863, '61', 'Timeport P7389', 1),
(2864, '61', 'Timeport L7089', 1),
(2865, '61', 'V3690', 1),
(2866, '61', 'V3688', 1),
(2867, '61', 'StarTAC 130', 1),
(2868, '61', 'StarTAC 85', 1),
(2869, '61', 'StarTAC Rainbow', 1),
(2870, '61', 'StarTAC 75+', 1),
(2871, '61', 'StarTAC 75', 1),
(2872, '61', 'SlimLite', 1),
(2873, '61', 'cd930', 1),
(2874, '61', 'cd920', 1),
(2875, '61', 'M3188', 1),
(2876, '61', 'M3288', 1),
(2877, '61', 'M3588', 1),
(2878, '61', 'M3688', 1),
(2879, '61', 'M3788', 1),
(2880, '61', 'M3888', 1),
(2881, '61', 'd520', 1),
(2882, '61', 'Moto Z4 Force', 1),
(2883, '61', 'Moto Z4 Play', 1),
(2884, '35', 'X20 SE', 1),
(2885, '35', '50 Pro', 1),
(2886, '35', '50', 1),
(2887, '35', '50 SE', 1),
(2888, '35', 'Play5 5G', 1),
(2889, '35', 'Tablet X7', 1),
(2890, '35', 'Play 20', 1),
(2891, '35', 'Play 5T Youth', 1),
(2892, '35', 'Tab 7', 1),
(2893, '35', 'V40 Lite', 1),
(2894, '35', 'View40', 1),
(2895, '35', 'V40 5G', 1),
(2896, '35', '10X Lite', 1),
(2897, '35', '30i', 1),
(2898, '35', 'Watch GS Pro', 1),
(2899, '35', 'Watch ES', 1),
(2900, '35', 'Pad 6', 1),
(2901, '35', 'Pad X6', 1),
(2902, '35', 'X10 Max 5G', 1),
(2903, '35', '30 Youth', 1),
(2904, '35', '8S 2020', 1),
(2905, '35', 'Play4', 1),
(2906, '35', 'Play4 Pro', 1),
(2907, '35', 'X10 5G', 1),
(2908, '35', 'V6', 1),
(2909, '35', '9A', 1),
(2910, '35', '9C', 1),
(2911, '35', '9S', 1),
(2912, '35', '9X Lite', 1),
(2913, '35', '30 Pro+', 1),
(2914, '35', '30 Pro', 1),
(2915, '35', '30', 1),
(2916, '35', '20e', 1),
(2917, '35', 'Play 4T Pro', 1),
(2918, '35', 'Play 4T', 1),
(2919, '35', '8A 2020', 1),
(2920, '35', '8A Prime', 1),
(2921, '35', '30S', 1),
(2922, '35', 'Play 9A', 1),
(2923, '35', 'View30 Pro', 1),
(2924, '35', 'View30', 1),
(2925, '35', 'V30 Pro', 1),
(2926, '35', 'MagicWatch 2', 1),
(2927, '35', '9X', 1),
(2928, '35', '20 lite (China)', 1),
(2929, '35', 'Play 3e', 1),
(2930, '35', 'Play 3', 1),
(2931, '35', '20S', 1),
(2932, '35', '9X Pro', 1),
(2933, '35', '10 Lite', 1),
(2934, '35', '8C', 1),
(2935, '35', '8X', 1),
(2936, '35', '8X Max', 1),
(2937, '35', '9N (9i)', 1),
(2938, '35', 'Play', 1),
(2939, '35', '7S', 1),
(2940, '35', '10', 1),
(2941, '35', '7A', 1),
(2942, '35', '7C', 1),
(2943, '35', '9 Lite', 1),
(2944, '35', 'View 10', 1),
(2945, '35', '7X', 1),
(2946, '35', '6C Pro', 1),
(2947, '35', '9', 1),
(2948, '35', '6A (Pro)', 1),
(2949, '35', '8 Pro', 1),
(2950, '35', 'Magic', 1),
(2951, '35', 'V8', 1),
(2952, '35', 'Pad 2', 1),
(2953, '35', '6X', 1),
(2954, '35', 'Holly 3', 1),
(2955, '35', '5A', 1),
(2956, '35', '5c', 1),
(2957, '35', 'Holly 2 Plus', 1),
(2958, '35', '5X', 1),
(2959, '35', '7i', 1),
(2960, '35', 'Bee', 1),
(2961, '35', '4C', 1),
(2962, '35', '6 Plus', 1),
(2963, '35', '4X', 1),
(2964, '35', 'Holly', 1),
(2965, '35', '4 Play', 1),
(2966, '35', '3C Play', 1),
(2967, '35', '3X Pro', 1),
(2968, '35', '3C 4G', 1),
(2969, '35', '3X G750', 1),
(2970, '35', '3C', 1),
(2971, '35', 'U8860', 1),
(2972, '55', 'Watch', 1),
(2973, '55', '18 Pro', 1),
(2974, '55', '18', 1),
(2975, '55', '17 Pro', 1),
(2976, '55', '17', 1),
(2977, '55', '16T', 1),
(2978, '55', 'M10', 1),
(2979, '55', '16s Pro', 1),
(2980, '55', '16Xs', 1),
(2981, '55', '16s', 1),
(2982, '55', 'Note 9', 1),
(2983, '55', 'C9 Pro', 1),
(2984, '55', 'C9', 1),
(2985, '55', 'X8', 1),
(2986, '55', 'V8 Pro', 1),
(2987, '55', '16X', 1),
(2988, '55', '16', 1),
(2989, '55', '16 Plus', 1),
(2990, '55', 'M6T', 1),
(2991, '55', 'M8c', 1),
(2992, '55', '15 Plus', 1),
(2993, '55', '15', 1),
(2994, '55', '15 Lite', 1),
(2995, '55', 'E3', 1),
(2996, '55', 'M6s', 1),
(2997, '55', 'M6', 1),
(2998, '55', 'M6 Note', 1),
(2999, '55', 'Pro 7 Plus', 1),
(3000, '55', 'Pro 7', 1),
(3001, '55', 'M5c', 1),
(3002, '55', 'E2', 1),
(3003, '55', 'M5s', 1),
(3004, '55', 'M5 Note', 1),
(3005, '55', 'M3x', 1),
(3006, '55', 'Pro 6 Plus', 1),
(3007, '55', 'MX5e', 1),
(3008, '55', 'U10', 1),
(3009, '55', 'U20', 1),
(3010, '55', 'Pro 6s', 1),
(3011, '55', 'M5', 1),
(3012, '55', 'M3 Max', 1),
(3013, '55', 'M3e', 1),
(3014, '55', 'MX6', 1),
(3015, '55', 'M3s', 1),
(3016, '55', 'M3', 1),
(3017, '55', 'Pro 6', 1),
(3018, '55', 'M3 Note', 1),
(3019, '55', 'PRO 5 mini', 1),
(3020, '55', 'M1 Metal', 1),
(3021, '55', 'PRO 5', 1),
(3022, '55', 'M2', 1),
(3023, '55', 'MX5', 1),
(3024, '55', 'M2 Note', 1),
(3025, '55', 'M1', 1),
(3026, '55', 'M1 Note', 1),
(3027, '55', 'MX4 Pro', 1),
(3028, '55', 'MX4', 1),
(3029, '55', 'MX3', 1),
(3030, '55', 'MX2', 1),
(3031, '55', 'MX 4-core', 1),
(3032, '55', 'MX', 1),
(3033, '69', 'Nord N200 5G', 1),
(3034, '69', 'Nord CE 5G', 1),
(3035, '69', '9 Pro', 1),
(3036, '69', '9R', 1),
(3037, '69', 'Nord N10 5G', 1),
(3038, '69', 'Nord N100', 1),
(3039, '69', '8T', 1),
(3040, '69', '8T+ 5G', 1),
(3041, '69', 'Nord', 1),
(3042, '69', '8 5G UW (Verizon)', 1),
(3043, '69', '8 5G (T-Mobile)', 1),
(3044, '69', '7T Pro 5G McLaren', 1),
(3045, '69', '7T Pro', 1),
(3046, '69', '7T', 1),
(3047, '69', '7 Pro 5G', 1),
(3048, '69', '7 Pro', 1),
(3049, '69', '6T McLaren', 1),
(3050, '69', '6T', 1),
(3051, '69', '5T', 1),
(3052, '69', '3T', 1),
(3053, '69', 'One', 1),
(3054, '83', 'C21Y', 1),
(3055, '83', 'C11 (2021)', 1),
(3056, '83', 'C25s', 1),
(3057, '83', 'X7 Max 5G', 1),
(3058, '83', 'Narzo 30 5G', 1),
(3059, '83', 'Q3 Pro Carnival', 1),
(3060, '83', 'GT Neo Flash', 1),
(3061, '83', 'Narzo 30', 1),
(3062, '83', 'C20A', 1),
(3063, '83', 'Q3 Pro 5G', 1),
(3064, '83', 'Q3 5G', 1),
(3065, '83', 'Q3i 5G', 1),
(3066, '83', '8 5G', 1),
(3067, '83', 'X7 Pro Ultra', 1),
(3068, '83', 'GT Neo', 1),
(3069, '83', 'V13 5G', 1),
(3070, '83', 'C25', 1),
(3071, '83', 'C21', 1),
(3072, '83', 'GT 5G', 1),
(3073, '83', 'Narzo 30 Pro 5G', 1),
(3074, '83', 'Narzo 30A', 1),
(3075, '83', 'V11 5G', 1),
(3076, '83', 'X7 (India)', 1),
(3077, '83', 'V15 5G', 1),
(3078, '83', 'Watch S Pro', 1),
(3079, '83', '7i (Global)', 1),
(3080, '83', '7 5G', 1),
(3081, '83', 'Watch S', 1),
(3082, '83', 'C15 Qualcomm Edition', 1),
(3083, '83', 'Q2 Pro', 1),
(3084, '83', 'Q2', 1),
(3085, '83', 'Q2i', 1),
(3086, '83', '7 (Global)', 1),
(3087, '83', 'Narzo 20 Pro', 1),
(3088, '83', 'Narzo 20', 1),
(3089, '83', 'Narzo 20A', 1),
(3090, '83', 'C17', 1),
(3091, '83', '7 (Asia)', 1),
(3092, '83', 'X7 Pro', 1),
(3093, '83', 'X7', 1),
(3094, '83', 'V3', 1),
(3095, '83', 'C12', 1),
(3096, '83', 'V5 5G', 1),
(3097, '83', 'C15', 1),
(3098, '83', '6i (India)', 1),
(3099, '83', 'X50 5G', 1),
(3100, '83', 'C11', 1),
(3101, '83', 'C3i', 1),
(3102, '83', 'Narzo', 1),
(3103, '83', 'X3 SuperZoom', 1),
(3104, '83', '6S', 1),
(3105, '83', 'X50 Pro Player', 1),
(3106, '83', 'Narzo 10', 1),
(3107, '83', 'Narzo 10A', 1),
(3108, '83', 'X50m 5G', 1),
(3109, '83', '6i', 1),
(3110, '83', '6 Pro', 1),
(3111, '83', 'X50 Pro 5G', 1),
(3112, '83', 'C3 (3 cameras)', 1),
(3113, '83', 'X50 5G (China)', 1),
(3114, '83', '5i', 1),
(3115, '83', '5s', 1),
(3116, '83', 'C2s', 1),
(3117, '83', 'C2 2020', 1),
(3118, '83', 'X2 Pro', 1),
(3119, '83', 'X2', 1),
(3120, '83', 'XT 730G', 1),
(3121, '83', 'XT', 1),
(3122, '83', 'Q', 1),
(3123, '83', '5 Pro', 1),
(3124, '83', '3i', 1),
(3125, '83', '3 Pro', 1),
(3126, '83', 'C1 (2019)', 1),
(3127, '83', 'U1', 1),
(3128, '83', '2 Pro', 1),
(3129, '105', 'Y53s 4G', 1),
(3130, '105', 'X60t Pro+', 1),
(3131, '105', 'V21e 5G', 1),
(3132, '105', 'Y53s', 1),
(3133, '105', 'Y70t', 1),
(3134, '105', 'iQOO Neo5 Lite', 1),
(3135, '105', 'Y52 5G', 1),
(3136, '105', 'Y12s 2021', 1),
(3137, '105', 'Y52s t1', 1),
(3138, '105', 'V21 5G', 1),
(3139, '105', 'V21', 1),
(3140, '105', 'V21e', 1),
(3141, '105', 'iQOO 7 (India)', 1),
(3142, '105', 'Y20s [G]', 1),
(3143, '105', 'X60t', 1),
(3144, '105', 'Y30G', 1),
(3145, '105', 'X60 Pro', 1),
(3146, '105', 'X60', 1),
(3147, '105', 'iQOO Z3', 1),
(3148, '105', 'Y72 5G', 1),
(3149, '105', 'iQOO U3x', 1),
(3150, '105', 'iQOO Neo5', 1),
(3151, '105', 'S9', 1),
(3152, '105', 'S9e', 1),
(3153, '105', 'S7t', 1),
(3154, '105', 'X60 Pro+', 1),
(3155, '105', 'Y31', 1),
(3156, '105', 'Y20G', 1),
(3157, '105', 'Y31s', 1),
(3158, '105', 'iQOO 7', 1),
(3159, '105', 'Y20A', 1),
(3160, '105', 'Y20 2021', 1),
(3161, '105', 'X60 Pro (China)', 1),
(3162, '105', 'X60 (China)', 1),
(3163, '105', 'V20 2021', 1),
(3164, '105', 'Y30 Standard', 1),
(3165, '105', 'iQOO U3', 1),
(3166, '105', 'Y52s', 1),
(3167, '105', 'Y51a', 1),
(3168, '105', 'Y51 (2020, December)', 1),
(3169, '105', 'Y12s', 1),
(3170, '105', 'Y12i', 1),
(3171, '105', 'Y1s', 1),
(3172, '105', 'S7e', 1),
(3173, '105', 'X51 5G', 1),
(3174, '105', 'iQOO U1x', 1),
(3175, '105', 'Y3s', 1),
(3176, '105', 'Y30 (China)', 1),
(3177, '105', 'Y11s', 1),
(3178, '105', 'Y70', 1),
(3179, '105', 'Y20s', 1),
(3180, '105', 'Y73s', 1),
(3181, '105', 'X50e', 1),
(3182, '105', 'V20 SE', 1),
(3183, '105', 'V20 Pro', 1),
(3184, '105', 'Y51 (2020, September)', 1),
(3185, '105', 'Y20i', 1),
(3186, '105', 'Y20', 1),
(3187, '105', 'iQOO 5 Pro 5G', 1),
(3188, '105', 'iQOO 5 5G', 1),
(3189, '105', 'S1 Prime', 1),
(3190, '105', 'S7', 1),
(3191, '105', 'iQOO U1', 1),
(3192, '105', 'Y51s', 1),
(3193, '105', 'iQOO Z1x', 1),
(3194, '105', 'V19 Neo', 1),
(3195, '105', 'Z5x (2020)', 1),
(3196, '105', 'X50 Pro+', 1),
(3197, '105', 'X50 Pro', 1),
(3198, '105', 'X50', 1),
(3199, '105', 'Y70s', 1),
(3200, '105', 'iQOO Z1', 1),
(3201, '105', 'X50 Lite', 1),
(3202, '105', 'Y30', 1),
(3203, '105', 'iQOO Neo3 5G', 1),
(3204, '105', 'Y50', 1),
(3205, '105', 'V19', 1),
(3206, '105', 'S6 5G', 1),
(3207, '105', 'NEX 3S 5G', 1),
(3208, '105', 'V19 (Indonesia)', 1),
(3209, '105', 'Z6 5G', 1),
(3210, '105', 'iQOO 3 5G', 1),
(3211, '105', 'X30 Pro', 1),
(3212, '105', 'X30', 1),
(3213, '105', 'V17', 1),
(3214, '105', 'iQOO Neo 855 Racing', 1),
(3215, '105', 'Z5i', 1),
(3216, '105', 'V17 (Russia)', 1),
(3217, '105', 'S1 Pro', 1),
(3218, '105', 'Y3 Standard', 1),
(3219, '105', 'Y5s', 1),
(3220, '105', 'Y19', 1),
(3221, '105', 'iQOO Neo 855', 1),
(3222, '105', 'Y11 (2019)', 1),
(3223, '105', 'Y3 (4GB+64GB)', 1),
(3224, '105', 'Y3', 1),
(3225, '105', 'V17 Pro', 1),
(3226, '105', 'NEX 3 5G', 1),
(3227, '105', 'NEX 3', 1),
(3228, '105', 'Z1x', 1),
(3229, '105', 'iQOO Pro 5G', 1),
(3230, '105', 'iQOO Pro', 1),
(3231, '105', 'Y90', 1),
(3232, '105', 'V17 Neo', 1),
(3233, '105', 'Z5', 1),
(3234, '105', 'S1', 1),
(3235, '105', 'Z1Pro', 1),
(3236, '105', 'iQOO Neo', 1),
(3237, '105', 'Z5x', 1),
(3238, '105', 'S1 Pro (China)', 1),
(3239, '105', 'Z3x', 1),
(3240, '105', 'Y17', 1),
(3241, '105', 'Y15', 1),
(3242, '105', 'Y12', 1),
(3243, '105', 'X27 Pro', 1),
(3244, '105', 'S1 (China)', 1),
(3245, '105', 'X27', 1),
(3246, '105', 'V15', 1),
(3247, '105', 'iQOO', 1),
(3248, '105', 'V15 Pro', 1),
(3249, '105', 'Y89', 1),
(3250, '105', 'NEX Dual Display', 1),
(3251, '105', 'Y93 (Mediatek)', 1),
(3252, '105', 'Y93s', 1),
(3253, '105', 'Z1 Lite', 1),
(3254, '105', 'Y95', 1),
(3255, '105', 'Y91i', 1),
(3256, '105', 'Y93', 1),
(3257, '105', 'Y91i (India)', 1),
(3258, '105', 'Y91 (Mediatek)', 1),
(3259, '105', 'Y91', 1),
(3260, '105', 'Y81i', 1),
(3261, '105', 'Z3i', 1),
(3262, '105', 'Y71i', 1),
(3263, '105', 'V11i', 1),
(3264, '105', 'Y97', 1),
(3265, '105', 'X23', 1),
(3266, '105', 'V11 (V11 Pro)', 1),
(3267, '105', 'Y83 Pro', 1),
(3268, '105', 'Z1i', 1),
(3269, '105', 'V9 6GB', 1),
(3270, '105', 'NEX S', 1),
(3271, '105', 'NEX A', 1),
(3272, '105', 'Z1', 1),
(3273, '105', 'Y83', 1),
(3274, '105', 'Y81', 1),
(3275, '105', 'X21i', 1),
(3276, '105', 'Y53i', 1),
(3277, '105', 'Y71', 1),
(3278, '105', 'V9 Youth', 1),
(3279, '105', 'V9', 1),
(3280, '105', 'X21 UD', 1),
(3281, '105', 'X21', 1),
(3282, '105', 'V7', 1),
(3283, '105', 'X20 Plus UD', 1),
(3284, '105', 'X20 Plus', 1),
(3285, '105', 'V7+', 1),
(3286, '105', 'Y65', 1),
(3287, '105', 'Y69', 1),
(3288, '105', 'Y53', 1),
(3289, '105', 'X9s Plus', 1),
(3290, '105', 'X9s', 1),
(3291, '105', 'V5s', 1),
(3292, '105', 'Y25', 1),
(3293, '105', 'Y55L (vivo 1603)', 1),
(3294, '105', 'Y55s', 1),
(3295, '105', 'V5 Lite (vivo 1609)', 1),
(3296, '105', 'V5 Plus', 1),
(3297, '105', 'Y67', 1),
(3298, '105', 'Xplay6', 1),
(3299, '105', 'X9 Plus', 1),
(3300, '105', 'X9', 1),
(3301, '105', 'V5', 1),
(3302, '105', 'X7 Plus', 1),
(3303, '105', 'V3Max', 1),
(3304, '105', 'X6S Plus', 1),
(3305, '105', 'X6S', 1),
(3306, '105', 'Xplay5 Elite', 1),
(3307, '105', 'Xplay5', 1),
(3308, '105', 'Y51 (2015)', 1),
(3309, '105', 'X6', 1),
(3310, '105', 'X6Plus', 1),
(3311, '105', 'V1', 1),
(3312, '105', 'Y15S (2015)', 1),
(3313, '105', 'V1 Max', 1),
(3314, '105', 'Y31 (2015)', 1),
(3315, '105', 'Y37', 1),
(3316, '105', 'Y35', 1),
(3317, '105', 'X5Max Platinum Edition', 1),
(3318, '105', 'X5Pro', 1),
(3319, '105', 'X5Max+', 1),
(3320, '105', 'X5Max', 1),
(3321, '105', 'Y11', 1),
(3322, '105', 'Xplay3S', 1),
(3323, '105', 'Xshot', 1),
(3324, '105', 'X3S', 1),
(3325, '105', 'Y28', 1),
(3326, '105', 'Y27', 1),
(3327, '105', 'Y22', 1),
(3328, '105', 'Y15 (2013)', 1),
(3329, '105', 'Xplay7', 1),
(3330, '51', 'Yoga Tab 11', 1),
(3331, '51', 'Tab P11 Plus', 1),
(3332, '51', 'Tab M8 (3rd Gen)', 1),
(3333, '51', 'Tab M7 (3rd Gen)', 1),
(3334, '51', 'K13 Note', 1),
(3335, '51', 'Yoga Tab 13', 1),
(3336, '51', 'Pad Pro', 1),
(3337, '51', 'Pad Plus', 1),
(3338, '51', 'Pad', 1),
(3339, '51', 'Legion 2 Pro', 1),
(3340, '51', 'Legion Duel 2', 1),
(3341, '51', 'K12 Pro', 1),
(3342, '51', 'K12 (China)', 1),
(3343, '51', 'A8 2020', 1),
(3344, '51', 'Tab P11 Pro', 1),
(3345, '51', 'Tab P11', 1),
(3346, '51', 'Tab M10 HD Gen 2', 1),
(3347, '51', 'Legion Duel', 1),
(3348, '51', 'Legion Pro', 1),
(3349, '51', 'M10 Plus', 1),
(3350, '51', 'M10 FHD REL', 1),
(3351, '51', 'Yoga Smart Tab', 1),
(3352, '51', 'K10 Plus', 1),
(3353, '51', 'K10 Note', 1),
(3354, '51', 'A6 Note', 1),
(3355, '51', 'Tab M8 (FHD)', 1),
(3356, '51', 'Tab M8 (HD)', 1),
(3357, '51', 'Tab M7', 1),
(3358, '51', 'Z6', 1),
(3359, '51', 'Z6 Pro 5G', 1),
(3360, '51', 'Z6 Youth', 1),
(3361, '51', 'Z6 Pro', 1),
(3362, '51', 'K6 Enjoy', 1),
(3363, '51', 'Tab V7', 1),
(3364, '51', 'S5 Pro GT', 1),
(3365, '51', 'Z5s', 1),
(3366, '51', 'Z5 Pro GT', 1),
(3367, '51', 'Z5 Pro', 1),
(3368, '51', 'K5 Pro', 1),
(3369, '51', 'K5 Note (2018)', 1),
(3370, '51', 'A5', 1),
(3371, '51', 'K5 play', 1),
(3372, '51', 'K320t', 1),
(3373, '51', 'moto tab', 1),
(3374, '51', 'Tab 7 Essential', 1),
(3375, '51', 'K8 Plus', 1),
(3376, '51', 'K8 Note', 1),
(3377, '51', 'Tab 4 10 Plus', 1),
(3378, '51', 'Tab 4 10', 1),
(3379, '51', 'Tab 4 8 Plus', 1),
(3380, '51', 'Tab 4 8', 1),
(3381, '51', 'Tab3 8 Plus', 1),
(3382, '51', 'ZUK Edge', 1),
(3383, '51', 'A6600 Plus', 1),
(3384, '51', 'A6600', 1),
(3385, '51', 'B', 1),
(3386, '51', 'A Plus', 1),
(3387, '51', 'P2', 1),
(3388, '51', 'K6 Note', 1),
(3389, '51', 'K6 Power', 1),
(3390, '51', 'K6', 1),
(3391, '51', 'Yoga Tab 3 10', 1),
(3392, '51', 'Yoga Tab 3 Plus', 1),
(3393, '51', 'Vibe A', 1),
(3394, '51', 'C2 Power', 1),
(3395, '51', 'Phab2 Plus', 1),
(3396, '51', 'Phab2', 1),
(3397, '51', 'Phab2 Pro', 1),
(3398, '51', 'ZUK Z2', 1),
(3399, '51', 'Vibe C', 1),
(3400, '51', 'ZUK Z2 Pro', 1),
(3401, '51', 'Tab3 10', 1),
(3402, '51', 'Tab3 8', 1),
(3403, '51', 'Tab3 7', 1),
(3404, '51', 'Vibe K5 Plus', 1),
(3405, '51', 'Vibe K5', 1),
(3406, '51', 'A7000 Turbo', 1),
(3407, '51', 'Vibe P1 Turbo', 1),
(3408, '51', 'K5 Note', 1),
(3409, '51', 'Lemon 3', 1),
(3410, '51', 'Vibe S1 Lite', 1),
(3411, '51', 'Vibe K4 Note', 1),
(3412, '51', 'Vibe X3 c78', 1),
(3413, '51', 'Vibe X3', 1),
(3414, '51', 'A3690', 1),
(3415, '51', 'Yoga Tab 3 Pro', 1),
(3416, '51', 'Yoga Tab 3 8.0', 1),
(3417, '51', 'Phab', 1),
(3418, '51', 'Phab Plus', 1),
(3419, '51', 'Vibe P1', 1),
(3420, '51', 'A6010 Plus', 1),
(3421, '51', 'A6010', 1),
(3422, '51', 'Vibe P1m', 1),
(3423, '51', 'Vibe S1', 1),
(3424, '51', 'ZUK Z1', 1),
(3425, '51', 'A2010', 1),
(3426, '51', 'A616', 1),
(3427, '51', 'A3900', 1),
(3428, '51', 'K80', 1),
(3429, '51', 'S60', 1),
(3430, '51', 'A6000 Plus', 1),
(3431, '51', 'A1900', 1),
(3432, '51', 'K3 Note', 1),
(3433, '51', 'Vibe Shot', 1),
(3434, '51', 'A7000 Plus', 1),
(3435, '51', 'A7000', 1),
(3436, '51', 'A5000', 1),
(3437, '51', 'Tab 2 A10-70', 1),
(3438, '51', 'Tab 2 A8-50', 1),
(3439, '51', 'P70', 1),
(3440, '51', 'Tab 2 A7-30', 1),
(3441, '51', 'Tab 2 A7-20', 1),
(3442, '51', 'Tab 2 A7-10', 1),
(3443, '51', 'A6000', 1),
(3444, '51', 'P90', 1),
(3445, '51', 'Vibe X2 Pro', 1),
(3446, '51', 'Golden Warrior Note 8', 1),
(3447, '51', 'A916', 1),
(3448, '51', 'A319', 1),
(3449, '51', 'S856', 1),
(3450, '51', 'S580', 1),
(3451, '51', 'S90 Sisley', 1),
(3452, '51', 'A606', 1),
(3453, '51', 'Yoga Tablet 2 Pro', 1),
(3454, '51', 'Yoga Tablet 2 10.1', 1),
(3455, '51', 'Yoga Tablet 2 8.0', 1),
(3456, '51', 'Tab S8', 1),
(3457, '51', 'Vibe X2', 1),
(3458, '51', 'Vibe Z2', 1),
(3459, '51', 'A850+', 1),
(3460, '51', 'Vibe Z2 Pro', 1),
(3461, '51', 'Golden Warrior A8', 1),
(3462, '51', 'Golden Warrior S8', 1),
(3463, '51', 'S939', 1),
(3464, '51', 'S750', 1),
(3465, '51', 'A889', 1),
(3466, '51', 'A680', 1),
(3467, '51', 'A316i', 1),
(3468, '51', 'A328', 1),
(3469, '51', 'A536', 1),
(3470, '51', 'A526', 1),
(3471, '51', 'A10-70 A7600', 1),
(3472, '51', 'A8-50 A5500', 1),
(3473, '51', 'A7-50 A3500', 1),
(3474, '51', 'A7-30 A3300', 1),
(3475, '51', 'Yoga Tablet 10 HD+', 1),
(3476, '51', 'S860', 1),
(3477, '51', 'S850', 1),
(3478, '51', 'S660', 1),
(3479, '51', 'A880', 1),
(3480, '51', 'A859', 1),
(3481, '51', 'S930', 1),
(3482, '51', 'S650', 1),
(3483, '51', 'Vibe Z K910', 1),
(3484, '51', 'Yoga Tablet 10', 1),
(3485, '51', 'Yoga Tablet 8', 1),
(3486, '51', 'A516', 1),
(3487, '51', 'Vibe X S960', 1),
(3488, '51', 'A850', 1),
(3489, '51', 'A706', 1),
(3490, '51', 'P780', 1),
(3491, '51', 'S820', 1),
(3492, '51', 'A369i', 1),
(3493, '51', 'A269i', 1),
(3494, '51', 'S920', 1),
(3495, '51', 'IdeaTab S6000H', 1),
(3496, '51', 'IdeaTab S6000F', 1),
(3497, '51', 'IdeaTab S6000L', 1),
(3498, '51', 'IdeaTab S6000', 1),
(3499, '51', 'IdeaTab A3000', 1),
(3500, '51', 'IdeaTab A1000', 1),
(3501, '51', 'K900', 1),
(3502, '51', 'S890', 1),
(3503, '51', 'IdeaTab A2107', 1),
(3504, '51', 'A820', 1),
(3505, '51', 'A800', 1),
(3506, '51', 'A789', 1),
(3507, '51', 'A690', 1),
(3508, '51', 'S720', 1),
(3509, '51', 'P770', 1),
(3510, '51', 'A60+', 1),
(3511, '51', 'S560', 1),
(3512, '51', 'S880', 1),
(3513, '51', 'A660', 1),
(3514, '51', 'K860', 1),
(3515, '51', 'P700i', 1),
(3516, '51', 'A65', 1),
(3517, '51', 'A335', 1),
(3518, '51', 'A185', 1),
(3519, '51', 'S800', 1),
(3520, '51', 'Q350', 1),
(3521, '51', 'Q330', 1),
(3522, '51', 'A336', 1),
(3523, '51', 'E156', 1),
(3524, '51', 'LePhone S2', 1),
(3525, '51', 'A60', 1),
(3526, '51', 'K800', 1),
(3527, '51', 'IdeaPad S2', 1),
(3528, '51', 'LePad S2010', 1),
(3529, '51', 'LePad S2007', 1),
(3530, '51', 'LePad S2005', 1),
(3531, '51', 'IdeaPad A1', 1),
(3532, '51', 'IdeaPad K1', 1),
(3533, '51', 'ThinkPad', 1),
(3534, '51', 'K12', 1),
(3535, '51', 'ZUK Z1 mini', 1),
(3536, '51', 'A5860', 1),
(3537, '51', 'ideapad', 1),
(3538, '51', 'Vibe Z3 Pro', 1);

-- --------------------------------------------------------

--
-- Table structure for table `products`
--

CREATE TABLE `products` (
  `id` bigint(20) NOT NULL,
  `brand` varchar(255) DEFAULT NULL,
  `product_code` varchar(255) NOT NULL,
  `color` varchar(255) DEFAULT NULL,
  `name` varchar(255) DEFAULT NULL,
  `description` text DEFAULT NULL,
  `category` varchar(255) DEFAULT NULL,
  `sub_category` varchar(255) DEFAULT NULL,
  `image` text DEFAULT NULL,
  `price` varchar(255) DEFAULT NULL,
  `gender` varchar(255) DEFAULT NULL,
  `date_added` datetime DEFAULT NULL,
  `seller_id` varchar(255) DEFAULT NULL,
  `state` varchar(255) DEFAULT NULL,
  `lga` varchar(255) DEFAULT NULL,
  `landmark` text NOT NULL,
  `model` varchar(255) DEFAULT NULL,
  `conditon` varchar(255) DEFAULT NULL,
  `ram` smallint(6) DEFAULT NULL,
  `internal_storage` int(11) DEFAULT NULL,
  `resolution` varchar(255) DEFAULT NULL,
  `sim` varchar(255) DEFAULT NULL,
  `battery` smallint(6) DEFAULT NULL,
  `exchange_possible` tinyint(4) NOT NULL DEFAULT 0,
  `main_camera` varchar(255) DEFAULT NULL,
  `selfie_camera` varchar(255) DEFAULT NULL,
  `negotiable` tinyint(1) DEFAULT 0,
  `delivery_available` int(11) DEFAULT 0,
  `second_condition` varchar(255) DEFAULT NULL,
  `transmission_type_vehicle` varchar(255) DEFAULT NULL,
  `mileage_vehicle` int(11) DEFAULT NULL,
  `registered_vehicle` int(11) DEFAULT NULL,
  `vin_vehicle` int(11) DEFAULT NULL,
  `horse_power_vehicle` varchar(255) DEFAULT NULL,
  `engine_size` varchar(255) DEFAULT NULL,
  `year_of_manufacture` int(11) DEFAULT NULL,
  `operating_system` varchar(255) DEFAULT NULL,
  `hard_drive_size` varchar(255) DEFAULT NULL,
  `fuel` varchar(255) DEFAULT NULL,
  `seats_vehicle` int(11) DEFAULT NULL,
  `property_size` varchar(255) DEFAULT NULL,
  `number_of_bedrooms` int(11) DEFAULT NULL,
  `property_type` varchar(255) DEFAULT NULL,
  `number_of_bathrooms` int(11) DEFAULT NULL,
  `size` varchar(255) DEFAULT NULL,
  `status` tinyint(4) DEFAULT 1
) ENGINE=InnoDB DEFAULT CHARSET=utf8mb4;

--
-- Dumping data for table `products`
--

INSERT INTO `products` (`id`, `brand`, `product_code`, `color`, `name`, `description`, `category`, `sub_category`, `image`, `price`, `gender`, `date_added`, `seller_id`, `state`, `lga`, `landmark`, `model`, `conditon`, `ram`, `internal_storage`, `resolution`, `sim`, `battery`, `exchange_possible`, `main_camera`, `selfie_camera`, `negotiable`, `delivery_available`, `second_condition`, `transmission_type_vehicle`, `mileage_vehicle`, `registered_vehicle`, `vin_vehicle`, `horse_power_vehicle`, `engine_size`, `year_of_manufacture`, `operating_system`, `hard_drive_size`, `fuel`, `seats_vehicle`, `property_size`, `number_of_bedrooms`, `property_type`, `number_of_bathrooms`, `size`, `status`) VALUES
(4, 'Apple', '88230249', 'ashes', 'Iphone 12', 'lorem ipsum long description long', '3', '7', 'pro60d1cdd08c3f6000100000.jpg,pro60d1cdd0901ae100000000.jpg,pro60d1cdd0906da100000000.jpg', '100000', '', '2021-06-22 12:47:28', 'AG-8614937', '', '', '', '', '', 0, 0, '', '', 0, 0, '', '', 0, 0, '', '', 0, 0, 0, '', '', 0, '', '', '', 0, '', 0, '', 0, '', 1),
(5, 'Samsung', '29287074', 'black', 'samsung s20', 'lorem ipsum long description long', '3', '7', 'pro60d1ce26eb2c9000001000.jpg,pro60d1ce26eb814000001000.jpg,pro60d1ce26ebd5c000000100.jpg', '90000', '', '2021-06-22 12:48:54', 'AG-91933000', '', '', '', '', '', 0, 0, '', '', 0, 0, '', '', 0, 0, '', '', 0, 0, 0, '', '', 0, '', '', '', 0, '', 0, '', 0, '', 1),
(6, 'Xaiomi', '37341927', 'red, black', 'xaiomi redmi 6', 'lorem ipsum long description long', '3', '7', 'pro60d1ce643456c000000001.jpg,pro60d1ce6434af9001000000.jpg', '90000', '', '2021-06-22 12:49:56', 'AG-93843232', '', '', '', '', '', 0, 0, '', '', 0, 0, '', '', 0, 0, '', '', 0, 0, 0, '', '', 0, '', '', '', 0, '', 0, '', 0, '', 1),
(7, 'HP', '19678428', 'silver', 'HP laptop envy', 'lorem ipsum long description long', '8', '12', 'pro60d1d058e959f000001000.jpg,pro60d1d058e9aa7000100000.jpg,pro60d1d058e9f8a000001000.jpg', '90000', '', '2021-06-22 12:58:16', 'AG-60722385', '', '', '', '', '', 0, 0, '', '', 0, 0, '', '', 0, 0, '', '', 0, 0, 0, '', '', 0, '', '', '', 0, '', 0, '', 0, '', 1),
(8, 'Lenovo', '55860887', 'silver', 'Silver m4', 'lorem ipsum long description long', '8', '12', 'pro60d1d0843ccb5000010000.jpg,pro60d1d0843d251010000000.jpg,pro60d1d0843d76c000010000.jpg', '70000', '', '2021-06-22 12:59:00', 'AG-90470554', '', '', '', '', '', 0, 0, '', '', 0, 0, '', '', 0, 0, '', '', 0, 0, 0, '', '', 0, '', '', '', 0, '', 0, '', 0, '', 1),
(9, 'Apple', '36376549', 'silver', 'macbook pro', 'lorem ipsum long description long', '8', '12', 'pro60d1d0cf8926e000001000.jpg,pro60d1d0cf89786010000000.jpg,pro60d1d0cf89bd0000100000.jpg', '70000', '', '2021-06-22 13:00:15', 'AG-42990797', '', '', '', '', '', 0, 0, '', '', 0, 0, '', '', 0, 0, '', '', 0, 0, 0, '', '', 0, '', '', '', 0, '', 0, '', 0, '', 1),
(10, 'Apple', '78518873', 'black', 'Apple desktop', 'lorem ipsum long description long', '8', '12', 'pro60d1d12697b21100000000.jpg', '70000', '', '2021-06-22 13:01:42', 'AG-79974221', '', '', '', '', '', 0, 0, '', '', 0, 0, '', '', 0, 0, '', '', 0, 0, 0, '', '', 0, '', '', '', 0, '', 0, '', 0, '', 1),
(11, 'Xaiomi', '30645954', 'black', 'Xaiomi headset', 'lorem ipsum long description long', '8', '19', 'pro60d1d1cfee06e100000000.jpg', '70000', '', '2021-06-22 13:04:31', 'AG-19693443', '', '', '', '', '', 0, 0, '', '', 0, 0, '', '', 0, 0, '', '', 0, 0, 0, '', '', 0, '', '', '', 0, '', 0, '', 0, '', 1),
(12, 'Beats by Dre', '83291175', 'black, red', 'Headset', 'lorem ipsum long description long', '8', '19', 'pro60d1d24460ce9000000100.jpg,pro60d1d2446126b001000000.jpg', '8000', '', '2021-06-22 13:06:28', 'AG-7748728', '', '', '', '', '', 0, 0, '', '', 0, 0, '', '', 0, 0, '', '', 0, 0, 0, '', '', 0, '', '', '', 0, '', 0, '', 0, '', 1),
(13, 'Beats by Dre', '55598537', 'black, red', 'Headset', 'lorem ipsum long description long', '8', '19', 'pro60d1d286d5ee6000001000.jpg,pro60d1d286d63f7000010000.jpg', '8000', '', '2021-06-22 13:07:34', 'AG-79867936', '', '', '', '', '', 0, 0, '', '', 0, 0, '', '', 0, 0, '', '', 0, 0, 0, '', '', 0, '', '', '', 0, '', 0, '', 0, '', 1),
(14, 'Airpods', '57247936', 'white', 'Headset', 'lorem ipsum long description long', '3', '10', 'pro60d1d53f72083000100000.jpg', '80000', '', '2021-06-22 13:19:11', 'AG-67980776', '', '', '', '', '', 0, 0, '', '', 0, 0, '', '', 0, 0, '', '', 0, 0, 0, '', '', 0, '', '', '', 0, '', 0, '', 0, '', 1),
(15, 'Apple', '3875669', 'white', 'airpod max', 'lorem ipsum long description long', '8', '19', 'pro60d1d5bea2bcf001000000.jpg', '80000', '', '2021-06-22 13:21:18', 'AG-67743888', '', '', '', '', '', 0, 0, '', '', 0, 0, '', '', 0, 0, '', '', 0, 0, 0, '', '', 0, '', '', '', 0, '', 0, '', 0, '', 1),
(42, 'Toyota', '64583183', 'white', 'Toyota camry', NULL, '1', NULL, NULL, '1000', NULL, NULL, NULL, NULL, NULL, '', NULL, NULL, NULL, NULL, NULL, NULL, NULL, 0, NULL, NULL, 0, 0, NULL, NULL, NULL, NULL, NULL, NULL, NULL, NULL, NULL, NULL, NULL, NULL, NULL, NULL, NULL, NULL, NULL, 1),
(43, 'Toyota', '13963398', 'white', 'Toyota camry', NULL, '1', NULL, NULL, '1000', NULL, NULL, NULL, NULL, NULL, '', NULL, NULL, NULL, NULL, NULL, NULL, NULL, 0, NULL, NULL, 0, 0, NULL, NULL, NULL, NULL, NULL, NULL, NULL, NULL, NULL, NULL, NULL, NULL, NULL, NULL, NULL, NULL, NULL, 1),
(44, 'Toyota', '43486011', 'white', 'Toyota camry', NULL, '1', NULL, NULL, '1000', NULL, NULL, NULL, NULL, NULL, '', NULL, NULL, NULL, NULL, NULL, NULL, NULL, 0, NULL, NULL, 0, 0, NULL, NULL, NULL, NULL, NULL, NULL, NULL, NULL, NULL, NULL, NULL, NULL, NULL, NULL, NULL, NULL, NULL, 1),
(45, 'Toyota', '31897012', 'white', 'Toyota camry', NULL, '1', NULL, NULL, '1000', NULL, NULL, NULL, NULL, NULL, '', NULL, NULL, NULL, NULL, NULL, NULL, NULL, 0, NULL, NULL, 0, 0, NULL, NULL, NULL, NULL, NULL, NULL, NULL, NULL, NULL, NULL, NULL, NULL, NULL, NULL, NULL, NULL, NULL, 1),
(46, 'Toyota', '88855098', 'white', 'Toyota camry', NULL, '1', NULL, NULL, '1000', NULL, NULL, NULL, NULL, NULL, '', NULL, NULL, NULL, NULL, NULL, NULL, NULL, 0, NULL, NULL, 0, 0, NULL, NULL, NULL, NULL, NULL, NULL, NULL, NULL, NULL, NULL, NULL, NULL, NULL, NULL, NULL, NULL, NULL, 1),
(47, 'Toyota', '18675780', 'white', 'Toyota camry', NULL, '1', NULL, NULL, '1000', NULL, NULL, NULL, NULL, NULL, '', NULL, NULL, NULL, NULL, NULL, NULL, NULL, 0, NULL, NULL, 0, 0, NULL, NULL, NULL, NULL, NULL, NULL, NULL, NULL, NULL, NULL, NULL, NULL, NULL, NULL, NULL, NULL, NULL, 1),
(48, 'Toyota', '50319384', 'white', 'Toyota camry', NULL, '1', NULL, NULL, '1000', NULL, NULL, NULL, NULL, NULL, '', NULL, NULL, NULL, NULL, NULL, NULL, NULL, 0, NULL, NULL, 0, 0, NULL, NULL, NULL, NULL, NULL, NULL, NULL, NULL, NULL, NULL, NULL, NULL, NULL, NULL, NULL, NULL, NULL, 1),
(49, 'Toyota', '2783461', 'white', 'Toyota camry', NULL, '1', NULL, NULL, '1000', NULL, NULL, NULL, NULL, NULL, '', NULL, NULL, NULL, NULL, NULL, NULL, NULL, 0, NULL, NULL, 0, 0, NULL, NULL, NULL, NULL, NULL, NULL, NULL, NULL, NULL, NULL, NULL, NULL, NULL, NULL, NULL, NULL, NULL, 1),
(50, 'Toyota', '19202593', 'white', 'Toyota camry', NULL, '1', NULL, NULL, '1000', NULL, NULL, NULL, NULL, NULL, '', NULL, NULL, NULL, NULL, NULL, NULL, NULL, 0, NULL, NULL, 0, 0, NULL, NULL, NULL, NULL, NULL, NULL, NULL, NULL, NULL, NULL, NULL, NULL, NULL, NULL, NULL, NULL, NULL, 1),
(51, 'Toyota', '16709103', 'white', 'Toyota camry', NULL, '1', NULL, NULL, '1000', NULL, NULL, NULL, NULL, NULL, '', NULL, NULL, NULL, NULL, NULL, NULL, NULL, 0, NULL, NULL, 0, 0, NULL, NULL, NULL, NULL, NULL, NULL, NULL, NULL, NULL, NULL, NULL, NULL, NULL, NULL, NULL, NULL, NULL, 1),
(52, 'Toyota', '51537224', 'white', 'Toyota camry', NULL, '1', NULL, NULL, '1000', NULL, NULL, NULL, NULL, NULL, '', NULL, NULL, NULL, NULL, NULL, NULL, NULL, 0, NULL, NULL, 0, 0, NULL, NULL, NULL, NULL, NULL, NULL, NULL, NULL, NULL, NULL, NULL, NULL, NULL, NULL, NULL, NULL, NULL, 1),
(53, 'Toyota', '41432161', 'white', 'Toyota camry', NULL, '1', NULL, NULL, '1000', NULL, NULL, NULL, NULL, NULL, '', NULL, NULL, NULL, NULL, NULL, NULL, NULL, 0, NULL, NULL, 0, 0, NULL, NULL, NULL, NULL, NULL, NULL, NULL, NULL, NULL, NULL, NULL, NULL, NULL, NULL, NULL, NULL, NULL, 1),
(54, 'Toyota', '71728483', 'white', 'Toyota camry', NULL, '1', NULL, NULL, '1000', NULL, NULL, NULL, NULL, NULL, '', NULL, NULL, NULL, NULL, NULL, NULL, NULL, 0, NULL, NULL, 0, 0, NULL, NULL, NULL, NULL, NULL, NULL, NULL, NULL, NULL, NULL, NULL, NULL, NULL, NULL, NULL, NULL, NULL, 1),
(55, 'Toyota', '92075770', 'white', 'Toyota camry', NULL, '1', NULL, NULL, '1000', NULL, NULL, NULL, NULL, NULL, '', NULL, NULL, NULL, NULL, NULL, NULL, NULL, 0, NULL, NULL, 0, 0, NULL, NULL, NULL, NULL, NULL, NULL, NULL, NULL, NULL, NULL, NULL, NULL, NULL, NULL, NULL, NULL, NULL, 1),
(56, 'Toyota', '25139336', 'white', 'Toyota camry', NULL, '1', NULL, NULL, '1000', NULL, NULL, NULL, NULL, NULL, '', NULL, NULL, NULL, NULL, NULL, NULL, NULL, 0, NULL, NULL, 0, 0, NULL, NULL, NULL, NULL, NULL, NULL, NULL, NULL, NULL, NULL, NULL, NULL, NULL, NULL, NULL, NULL, NULL, 1);

-- --------------------------------------------------------

--
-- Table structure for table `product_cart`
--

CREATE TABLE `product_cart` (
  `id` bigint(20) NOT NULL,
  `product_code` bigint(20) NOT NULL,
  `customer_id` bigint(20) NOT NULL,
  `date_added` datetime NOT NULL,
  `status` tinyint(4) NOT NULL
) ENGINE=InnoDB DEFAULT CHARSET=utf8mb4;

-- --------------------------------------------------------

--
-- Table structure for table `product_ratings`
--

CREATE TABLE `product_ratings` (
  `id` bigint(255) NOT NULL,
  `product_code` varchar(255) NOT NULL,
  `customer_id` varchar(255) NOT NULL,
  `rating_score` varchar(255) NOT NULL,
  `status` tinyint(4) NOT NULL
) ENGINE=InnoDB DEFAULT CHARSET=utf8mb4;

-- --------------------------------------------------------

--
-- Table structure for table `property_types`
--

CREATE TABLE `property_types` (
  `type_id` int(11) NOT NULL,
  `type` varchar(50) NOT NULL,
  `status` int(11) NOT NULL
) ENGINE=InnoDB DEFAULT CHARSET=utf8;

--
-- Dumping data for table `property_types`
--

INSERT INTO `property_types` (`type_id`, `type`, `status`) VALUES
(1, 'Commercial Land', 1),
(2, 'Farm Land', 1),
(3, 'Industrial Land', 1),
(4, 'Mixed-use Land', 1),
(5, 'Quarry Land', 1),
(6, 'Residential Land', 1);

-- --------------------------------------------------------

--
-- Table structure for table `seller_ratings`
--

CREATE TABLE `seller_ratings` (
  `id` int(11) NOT NULL,
  `seller_id` varchar(255) NOT NULL,
  `customer_id` varchar(255) NOT NULL,
  `rating_score` varchar(255) NOT NULL,
  `status` tinyint(4) NOT NULL
) ENGINE=InnoDB DEFAULT CHARSET=utf8mb4;

-- --------------------------------------------------------

--
-- Table structure for table `states`
--

CREATE TABLE `states` (
  `state_id` int(10) NOT NULL,
  `state` char(20) NOT NULL,
  `capital` char(20) DEFAULT NULL,
  `zone` varchar(10) NOT NULL,
  `zone_id` int(11) NOT NULL
) ENGINE=MyISAM DEFAULT CHARSET=latin1 COMMENT='InnoDB free: 4096 kB';

--
-- Dumping data for table `states`
--

INSERT INTO `states` (`state_id`, `state`, `capital`, `zone`, `zone_id`) VALUES
(1, 'Abia', 'Umuahia', '', 16),
(2, 'Adamawa', 'Yola', '', 5),
(3, 'Akwa Ibom', 'Uyo', '', 16),
(4, 'Anambra', 'Awka', '', 12),
(5, 'Bauchi', 'Bauchi', 'C', 5),
(6, 'Bayelsa', 'Yenagoa', '', 16),
(7, 'Benue', 'Makurdi', 'H', 7),
(8, 'Borno', 'Maiduguri', '', 5),
(9, 'Cross River', 'Calabar', '', 16),
(10, 'Delta', 'Asaba', '', 12),
(11, 'Ebonyi', 'Abakaliki', '', 12),
(12, 'Edo', 'Benin City', 'G', 12),
(13, 'Ekiti', 'Ado-Ekiti', '', 30),
(14, 'Enugu', 'Enugu', '', 12),
(15, 'Gombe', 'Gombe', '', 5),
(16, 'Imo', 'Owerri', 'E', 16),
(17, 'Jigawa', 'Dutse', '', 18),
(18, 'Kaduna', 'Kaduna', 'B', 18),
(19, 'Kano', 'Kano', '', 18),
(20, 'Katsina', 'Katsina', '', 18),
(21, 'Kebbi', 'Birnin Kebbi', '', 26),
(22, 'Kogi', 'Lokoja', '', 7),
(23, 'Kwara', 'Ilorin', '', 26),
(24, 'Lagos', 'Ikeja', 'A', 24),
(25, 'Nasarawa', 'Lafia', '', 7),
(26, 'Niger', 'Minna', 'D', 26),
(27, 'Ogun', 'Abeokuta', '', 24),
(28, 'Ondo', 'Akure', '', 30),
(29, 'Osun', 'Oshogbo', '', 30),
(30, 'Oyo', 'Ibadan', 'F', 30),
(31, 'Plateau', 'Jos', '', 7),
(32, 'Rivers', 'Port Harcourt', '', 16),
(33, 'Sokoto', 'Sokoto', '', 26),
(34, 'Taraba', 'Jalingo', '', 5),
(35, 'Yobe', 'Damaturu', '', 5),
(36, 'Zamfara', 'Gusau', '', 26),
(37, 'F.C.T.', 'Abuja', '', 26);

-- --------------------------------------------------------

--
-- Table structure for table `sub_category`
--

CREATE TABLE `sub_category` (
  `sub_id` bigint(11) NOT NULL,
  `parent_id` int(11) NOT NULL,
  `title` varchar(255) NOT NULL,
  `address` varchar(255) NOT NULL,
  `image` text NOT NULL,
  `status` int(11) NOT NULL
) ENGINE=InnoDB DEFAULT CHARSET=utf8mb4;

--
-- Dumping data for table `sub_category`
--

INSERT INTO `sub_category` (`sub_id`, `parent_id`, `title`, `address`, `image`, `status`) VALUES
(7, 3, 'Mobile Phones', '', 'mobile.png', 1),
(8, 3, 'Smart Watches & Trackers', '', '', 1),
(9, 3, 'Tablets', '', 'tablet.png', 1),
(10, 3, 'Phone and Tablet Accessories', '', '', 1),
(11, 3, 'Phone & Tablet Parts', '', 'computer-repair.png', 1),
(12, 8, 'Laptops & Computers', '', 'laptop.png', 1),
(13, 8, 'Accessories & Supplies For Electronics', '', '', 1),
(14, 8, 'TV and DVD Equipments', '', 'tv.png', 1),
(15, 8, 'Audio & Music Equipments', '', 'audio.png', 1),
(16, 8, 'Video Equipments', '', 'video.png', 1),
(17, 8, 'Computer & Laptop Accessories', '', 'webcam.png', 1),
(18, 8, 'Computer Hardwares', '', 'computer-parts.png', 1),
(19, 8, 'Headphones', '', 'headset.png', 1),
(20, 8, 'Networking Products & Equipments', '', 'network.png', 1),
(21, 8, 'Photo & Video Cameras', '', 'camera.png', 1),
(22, 8, 'Printers & Scanners', '', 'printers.png', 1),
(23, 8, 'Security Survellance', '', 'security.png', 1),
(24, 8, 'Video Game Consoles', '', 'games-console,png', 1),
(25, 8, 'Softwares', '', '', 1),
(26, 8, 'Game Softwares', '', '', 1),
(27, 1, 'Cars', '', 'car2.png', 1),
(28, 1, 'Buses & Microbuses', '', 'bus.png', 1),
(29, 1, 'Heavy Equipments', '', 'heavy.png', 1),
(30, 1, 'Motorcycles & Scooters', '', 'motorcycle.png', 1),
(31, 1, 'Vehicle Parts & Accessories', '', '', 1),
(32, 1, 'Trucks & Trailers', '', 'trucks.png', 1),
(33, 1, 'Motorcycle & Scooter Parts, Accessories', '', 'motorcycle.png', 1),
(34, 1, 'Boats ', '', '', 1),
(35, 5, 'Women Bags', '', '', 1),
(36, 5, 'Women Clothing', '', '', 1),
(37, 5, 'Women Clothing Accessories', '', '', 1),
(38, 5, 'Jewelry', '', '', 1),
(39, 5, 'Women Shoes', '', '', 1),
(40, 5, 'Watches', '', '', 1),
(41, 5, 'Wedding Wears & Accessories', '', '', 1),
(42, 2, 'House & Apartments For Rent', '', '', 1),
(43, 2, 'House & Apartments For Sale', '', '', 1),
(44, 2, 'Lands & Plots For Sale', '', '', 1),
(45, 2, 'Lands & Plots For Rent', '', '', 1),
(46, 2, 'Commercial Properties For Sale', '', '', 1),
(47, 2, 'Commercial Properties For Rent', '', '', 1),
(48, 2, 'Event Centres & Venues For Rent', '', '', 1),
(49, 2, 'Short Lets', '', '', 1),
(50, 9, 'Furniture', '', 'furniture.png', 1),
(51, 9, 'Garden', '', '', 1),
(52, 9, 'Home Appliances', '', '', 1),
(53, 9, 'Kitchen Appliances', '', '', 1),
(54, 9, 'Kitchen & Dining', '', '', 1),
(55, 9, 'Home Accessories', '', '', 1),
(56, 5, 'Men Clothing', '', '', 1),
(57, 5, 'Clothing Accessories', '', '', 1),
(58, 5, 'Men Shoes', '', '', 1),
(59, 5, 'Men Bags', '', '', 1),
(60, 12, 'Bath & Body', '', '', 1),
(61, 12, 'Fragrance', '', '', 1),
(62, 12, 'Hair Beauty', '', '', 1),
(63, 12, 'Makeup', '', '', 1),
(64, 12, 'Sexual Wellness', '', '', 1),
(65, 12, 'Skin Care', '', '', 1),
(66, 12, 'Tobacco Accessories', '', '', 1),
(67, 12, 'Tools & Accessories', '', '', 1),
(68, 12, 'Vitamins & Supplements', '', '', 1),
(69, 17, 'Arts & Craft', '', '', 1),
(70, 17, 'Books & Games', '', '', 1),
(71, 17, 'Camping Gear', '', '', 1),
(72, 17, 'CDs & DVDs', '', '', 1),
(73, 17, 'Musical Instruments & Gear', '', '', 1),
(74, 17, 'Sports Equipment', '', '', 1),
(75, 16, 'Babies & Kids Accessories', '', '', 1),
(76, 16, 'Baby & Child Care', '', '', 1),
(77, 16, 'Children\'s Clothing', '', '', 1),
(78, 16, 'Children\'s Furniture', '', '', 1),
(79, 16, 'Children\'s Gear & Safety', '', '', 1),
(80, 16, 'Children\'s Shoes', '', '', 1),
(81, 16, 'Maternity & Pregnancy', '', '', 1),
(82, 16, 'Prams & Strollers', '', '', 1),
(83, 16, 'Toys', '', '', 1);

-- --------------------------------------------------------

--
-- Table structure for table `transactions`
--

CREATE TABLE `transactions` (
  `trans_id` int(11) NOT NULL,
  `trans_reference` varchar(50) NOT NULL,
  `amount` varchar(25) NOT NULL,
  `currency` varchar(20) NOT NULL,
  `user_email` varchar(50) NOT NULL,
  `trans_date` varchar(100) NOT NULL,
  `trans_status` varchar(25) NOT NULL,
  `status` int(11) NOT NULL DEFAULT 1
) ENGINE=InnoDB DEFAULT CHARSET=utf8;

--
-- Dumping data for table `transactions`
--

INSERT INTO `transactions` (`trans_id`, `trans_reference`, `amount`, `currency`, `user_email`, `trans_date`, `trans_status`, `status`) VALUES
(1, '38uzwd732a', '500000', 'NGN', 'mike98989@gmail.com', '2021-07-07T21:38:48.000Z', '38uzwd732a', 1),
(2, '2ct165c5d0', '500000', 'NGN', 'mike98989@gmail.com', '2021-07-08T07:16:29.000Z', '2ct165c5d0', 1),
(3, 'w9a9fiembb', '700000', 'NGN', 'mike98989@gmail.com', '2021-07-08T07:20:25.000Z', 'w9a9fiembb', 1),
(4, 'dokenxu05y', '500000', 'NGN', 'mike98989@gmail.com', '2021-07-08T07:34:46.000Z', 'dokenxu05y', 1),
(5, 'fu2qbfyvoz', '500000', 'NGN', 'mike98989@gmail.com', '2021-07-08T07:35:19.000Z', 'fu2qbfyvoz', 1),
(6, 's6nkr96rma', '500000', 'NGN', 'mike98989@gmail.com', '2021-07-08T07:37:20.000Z', 's6nkr96rma', 1),
(7, 'g4qq7xzu2j', '500000', 'NGN', 'mike98989@gmail.com', '2021-07-08T08:27:08.000Z', 'g4qq7xzu2j', 1),
(8, 'cydiljdd2e', '700000', 'NGN', 'mike98989@gmail.com', '2021-07-08T08:28:23.000Z', 'cydiljdd2e', 1),
(9, 'weles6c3bk', '700000', 'NGN', 'mike98989@gmail.com', '2021-07-08T08:29:35.000Z', 'weles6c3bk', 1),
(10, 'x1n2k3ckm8', '500000', 'NGN', 'mike98989@gmail.com', '2021-07-08T08:33:35.000Z', 'x1n2k3ckm8', 1),
(11, 'sx89mschjj', '700000', 'NGN', 'mike98989@gmail.com', '2021-07-08T08:48:51.000Z', 'sx89mschjj', 1),
(12, 'hfy0pi5e4k', '700000', 'NGN', 'mike98989@gmail.com', '2021-07-08T08:53:15.000Z', 'hfy0pi5e4k', 1),
(13, 'mkplgrq6g0', '500000', 'NGN', 'mike98989@gmail.com', '2021-07-08T08:56:02.000Z', 'mkplgrq6g0', 1),
(14, 'rcpkozbphc', '500000', 'NGN', 'mike98989@gmail.com', '2021-07-08T09:08:53.000Z', 'rcpkozbphc', 1),
(15, '6q77kgtfw7', '500000', 'NGN', 'mike98989@gmail.com', '2021-07-08T09:10:36.000Z', '6q77kgtfw7', 1),
(16, 'u86996w3wc', '500000', 'NGN', 'mike98989@gmail.com', '2021-07-08T09:17:35.000Z', 'u86996w3wc', 1),
(17, 'odcotfh7e0', '500000', 'NGN', 'mike98989@gmail.com', '2021-07-08T09:35:53.000Z', 'odcotfh7e0', 1),
(18, 'boh5hvem0v', '700000', 'NGN', 'mike98989@gmail.com', '2021-07-08T09:37:48.000Z', 'boh5hvem0v', 1),
(19, 'rmcazjn9z8', '500000', 'NGN', 'mike98989@gmail.com', '2021-07-08T09:56:28.000Z', 'rmcazjn9z8', 1),
(20, '9sk1p3zxz9', '500000', 'NGN', 'mike98989@gmail.com', '2021-07-08T09:58:38.000Z', '9sk1p3zxz9', 1),
(21, '5ey2k8zt6q', '500000', 'NGN', 'mike98989@gmail.com', '2021-07-08T10:22:22.000Z', '5ey2k8zt6q', 1);

-- --------------------------------------------------------

--
-- Table structure for table `users`
--

CREATE TABLE `users` (
  `id` bigint(20) NOT NULL,
  `fullname` tinytext NOT NULL,
  `email` varchar(50) NOT NULL,
  `phone` varchar(45) NOT NULL,
  `state` tinytext DEFAULT NULL,
  `country` tinytext DEFAULT NULL,
  `whatsapp` varchar(25) DEFAULT NULL,
  `mobile` varchar(25) DEFAULT NULL,
  `seller` int(11) NOT NULL DEFAULT 0,
  `seller_id` varchar(25) DEFAULT NULL,
  `account_type` int(11) NOT NULL DEFAULT 0,
  `image` tinytext DEFAULT NULL,
  `password` tinytext DEFAULT NULL,
  `token` tinytext DEFAULT NULL,
  `last_login` datetime DEFAULT NULL,
  `signup_date` date DEFAULT NULL,
  `user_confirm_id` varchar(25) DEFAULT NULL,
  `user_recover_id` varchar(15) DEFAULT NULL,
  `activated` int(11) NOT NULL DEFAULT 0,
  `status` int(11) NOT NULL DEFAULT 0
) ENGINE=InnoDB DEFAULT CHARSET=latin1;

--
-- Dumping data for table `users`
--

INSERT INTO `users` (`id`, `fullname`, `email`, `phone`, `state`, `country`, `whatsapp`, `mobile`, `seller`, `seller_id`, `account_type`, `image`, `password`, `token`, `last_login`, `signup_date`, `user_confirm_id`, `user_recover_id`, `activated`, `status`) VALUES
(1, 'Michael Akpobome', 'mike98989gg@gmail.com', '07060678275', 'Delta', '', '', '', 1, 'AG-9420882', 3, 'default.png', '$2y$10$cdsQoJrHlQ6G5fXxhcbUo.r2Q3AAGIcit603WthEGFHGtRxIA9c32', '963c0c4f2bbbda47b659449734e24e529e4e27616f8206cf53a482664236e8313c076d1f694fbd514ddfeabfacd86834ca5f4e1ba6e8d88e7f5d29b96a16744b', '2021-07-08 10:10:25', '2019-09-12', '58642', '1341', 1, 1),
(38, 'John Doe', 'test@test.com', '08174077714', 'Fct', '', '', '', 1, 'AG-91933000', 1, 'default2.png', '$2y$10$KDrBTneo/7jCyLGcd6exr.9ZO7Y8FKPPezs1G/lcy2NMaToBfBldu', 'a4f6212765e6a42f595b1cc6e65b5c51779bf4805469952152737e4bb68cc32f9f03d5279dab3edda3862f42c1c314016cd56dc916b32ae9c33a75e8169f97ab', '2021-06-16 21:42:43', '2020-04-29', '63258', '', 1, 1),
(39, 'Sunday', 'test3@test.com', '0703300000', '', 'Nigeria', '', '', 0, '', 3, 'default.png', '5e884898da28047151d0e56f8dc6292773603d0d6aabbdd62a11ef721d1542d8', '5f5833dcfb04705fb94237628ada4c953d134c756694b1b204cbc3adf50a6b3a388fc690b53468d682c365bac2ab4ec4b4d900fa11f39bfc130049f0b86c7203', '2021-04-12 15:02:15', '0000-00-00', '', '', 1, 1),
(40, 'George', 'directorate@test.com', '0703300000', '37', '', '', '', 0, '', 1, 'default.png', '5e884898da28047151d0e56f8dc6292773603d0d6aabbdd62a11ef721d1542d8', 'df7c9ee838f7f1a0cd60c1d9436033c31544e39196f515b622f3d3f3a72639d6fe89548f67f11e9fe588659e1cd7bd1eef0d1230d586a6a918e5afde71ded70f', '2021-04-12 15:35:33', '0000-00-00', '', '', 1, 1),
(53, 'this is another test', 'mike98989@gmail.com', '908875875356', 'mmm', 'cameroon', NULL, '09999999', 1, 'AG-3195923', 3, '', '$2y$10$74HpuFkCofdf5Tvj37T/..gmYT8MMIx94BZ9dK5LzVIk4I6.KLGim', 'd455103ab3a0a2902109b26748718c4a7b0057e6de6ff2633d85c8ece7f86f7a3b05b647add2b4889f714632d59367d500c122207ec7cde15d1486a7a3ef70f3', '2021-07-08 20:09:18', '2021-07-08', '4116', NULL, 1, 1);

-- --------------------------------------------------------

--
-- Table structure for table `wishlist`
--

CREATE TABLE `wishlist` (
  `id` int(11) NOT NULL,
  `product_code` varchar(255) NOT NULL,
  `wish_date` date NOT NULL,
  `customer_id` varchar(255) NOT NULL,
  `status` tinyint(4) NOT NULL
) ENGINE=InnoDB DEFAULT CHARSET=utf8mb4;

--
-- Indexes for dumped tables
--

--
-- Indexes for table `banners`
--
ALTER TABLE `banners`
  ADD PRIMARY KEY (`id`);

--
-- Indexes for table `car_makes`
--
ALTER TABLE `car_makes`
  ADD PRIMARY KEY (`make_id`);

--
-- Indexes for table `car_models`
--
ALTER TABLE `car_models`
  ADD PRIMARY KEY (`model_id`);

--
-- Indexes for table `car_types`
--
ALTER TABLE `car_types`
  ADD PRIMARY KEY (`type_id`);

--
-- Indexes for table `category`
--
ALTER TABLE `category`
  ADD PRIMARY KEY (`id`);

--
-- Indexes for table `conditions`
--
ALTER TABLE `conditions`
  ADD PRIMARY KEY (`condition_id`);

--
-- Indexes for table `header-navigation`
--
ALTER TABLE `header-navigation`
  ADD PRIMARY KEY (`id`);

--
-- Indexes for table `hero`
--
ALTER TABLE `hero`
  ADD PRIMARY KEY (`id`);

--
-- Indexes for table `lga`
--
ALTER TABLE `lga`
  ADD PRIMARY KEY (`Lgaid`),
  ADD KEY `state` (`State`);

--
-- Indexes for table `messages`
--
ALTER TABLE `messages`
  ADD PRIMARY KEY (`message_id`);

--
-- Indexes for table `most_view`
--
ALTER TABLE `most_view`
  ADD PRIMARY KEY (`id`);

--
-- Indexes for table `pages`
--
ALTER TABLE `pages`
  ADD PRIMARY KEY (`id`);

--
-- Indexes for table `phone_makes`
--
ALTER TABLE `phone_makes`
  ADD PRIMARY KEY (`phone_make_id`);

--
-- Indexes for table `phone_models`
--
ALTER TABLE `phone_models`
  ADD PRIMARY KEY (`model_id`);

--
-- Indexes for table `products`
--
ALTER TABLE `products`
  ADD PRIMARY KEY (`id`),
  ADD UNIQUE KEY `product_code` (`product_code`);

--
-- Indexes for table `product_cart`
--
ALTER TABLE `product_cart`
  ADD PRIMARY KEY (`id`);

--
-- Indexes for table `product_ratings`
--
ALTER TABLE `product_ratings`
  ADD PRIMARY KEY (`id`);

--
-- Indexes for table `property_types`
--
ALTER TABLE `property_types`
  ADD PRIMARY KEY (`type_id`);

--
-- Indexes for table `seller_ratings`
--
ALTER TABLE `seller_ratings`
  ADD PRIMARY KEY (`id`);

--
-- Indexes for table `states`
--
ALTER TABLE `states`
  ADD PRIMARY KEY (`state_id`);

--
-- Indexes for table `sub_category`
--
ALTER TABLE `sub_category`
  ADD PRIMARY KEY (`sub_id`);

--
-- Indexes for table `transactions`
--
ALTER TABLE `transactions`
  ADD PRIMARY KEY (`trans_id`);

--
-- Indexes for table `users`
--
ALTER TABLE `users`
  ADD PRIMARY KEY (`id`),
  ADD KEY `email` (`email`);

--
-- Indexes for table `wishlist`
--
ALTER TABLE `wishlist`
  ADD PRIMARY KEY (`id`);

--
-- AUTO_INCREMENT for dumped tables
--

--
-- AUTO_INCREMENT for table `banners`
--
ALTER TABLE `banners`
  MODIFY `id` int(11) NOT NULL AUTO_INCREMENT, AUTO_INCREMENT=6;

--
-- AUTO_INCREMENT for table `car_makes`
--
ALTER TABLE `car_makes`
  MODIFY `make_id` int(11) NOT NULL AUTO_INCREMENT, AUTO_INCREMENT=65;

--
-- AUTO_INCREMENT for table `car_models`
--
ALTER TABLE `car_models`
  MODIFY `model_id` int(11) NOT NULL AUTO_INCREMENT, AUTO_INCREMENT=1265;

--
-- AUTO_INCREMENT for table `car_types`
--
ALTER TABLE `car_types`
  MODIFY `type_id` int(11) NOT NULL AUTO_INCREMENT, AUTO_INCREMENT=83;

--
-- AUTO_INCREMENT for table `category`
--
ALTER TABLE `category`
  MODIFY `id` int(11) NOT NULL AUTO_INCREMENT, AUTO_INCREMENT=21;

--
-- AUTO_INCREMENT for table `conditions`
--
ALTER TABLE `conditions`
  MODIFY `condition_id` int(11) NOT NULL AUTO_INCREMENT, AUTO_INCREMENT=4;

--
-- AUTO_INCREMENT for table `header-navigation`
--
ALTER TABLE `header-navigation`
  MODIFY `id` int(11) NOT NULL AUTO_INCREMENT;

--
-- AUTO_INCREMENT for table `hero`
--
ALTER TABLE `hero`
  MODIFY `id` int(11) NOT NULL AUTO_INCREMENT, AUTO_INCREMENT=3;

--
-- AUTO_INCREMENT for table `lga`
--
ALTER TABLE `lga`
  MODIFY `Lgaid` int(11) NOT NULL AUTO_INCREMENT, AUTO_INCREMENT=828;

--
-- AUTO_INCREMENT for table `messages`
--
ALTER TABLE `messages`
  MODIFY `message_id` bigint(20) NOT NULL AUTO_INCREMENT, AUTO_INCREMENT=7;

--
-- AUTO_INCREMENT for table `most_view`
--
ALTER TABLE `most_view`
  MODIFY `id` int(11) NOT NULL AUTO_INCREMENT, AUTO_INCREMENT=5;

--
-- AUTO_INCREMENT for table `pages`
--
ALTER TABLE `pages`
  MODIFY `id` int(11) NOT NULL AUTO_INCREMENT;

--
-- AUTO_INCREMENT for table `phone_makes`
--
ALTER TABLE `phone_makes`
  MODIFY `phone_make_id` int(11) NOT NULL AUTO_INCREMENT, AUTO_INCREMENT=117;

--
-- AUTO_INCREMENT for table `phone_models`
--
ALTER TABLE `phone_models`
  MODIFY `model_id` int(11) NOT NULL AUTO_INCREMENT, AUTO_INCREMENT=3539;

--
-- AUTO_INCREMENT for table `products`
--
ALTER TABLE `products`
  MODIFY `id` bigint(20) NOT NULL AUTO_INCREMENT, AUTO_INCREMENT=57;

--
-- AUTO_INCREMENT for table `product_cart`
--
ALTER TABLE `product_cart`
  MODIFY `id` bigint(20) NOT NULL AUTO_INCREMENT;

--
-- AUTO_INCREMENT for table `product_ratings`
--
ALTER TABLE `product_ratings`
  MODIFY `id` bigint(255) NOT NULL AUTO_INCREMENT;

--
-- AUTO_INCREMENT for table `property_types`
--
ALTER TABLE `property_types`
  MODIFY `type_id` int(11) NOT NULL AUTO_INCREMENT, AUTO_INCREMENT=7;

--
-- AUTO_INCREMENT for table `seller_ratings`
--
ALTER TABLE `seller_ratings`
  MODIFY `id` int(11) NOT NULL AUTO_INCREMENT;

--
-- AUTO_INCREMENT for table `states`
--
ALTER TABLE `states`
  MODIFY `state_id` int(10) NOT NULL AUTO_INCREMENT, AUTO_INCREMENT=38;

--
-- AUTO_INCREMENT for table `sub_category`
--
ALTER TABLE `sub_category`
  MODIFY `sub_id` bigint(11) NOT NULL AUTO_INCREMENT, AUTO_INCREMENT=84;

--
-- AUTO_INCREMENT for table `transactions`
--
ALTER TABLE `transactions`
  MODIFY `trans_id` int(11) NOT NULL AUTO_INCREMENT, AUTO_INCREMENT=22;

--
-- AUTO_INCREMENT for table `users`
--
ALTER TABLE `users`
  MODIFY `id` bigint(20) NOT NULL AUTO_INCREMENT, AUTO_INCREMENT=54;

--
-- AUTO_INCREMENT for table `wishlist`
--
ALTER TABLE `wishlist`
  MODIFY `id` int(11) NOT NULL AUTO_INCREMENT;
COMMIT;

/*!40101 SET CHARACTER_SET_CLIENT=@OLD_CHARACTER_SET_CLIENT */;
/*!40101 SET CHARACTER_SET_RESULTS=@OLD_CHARACTER_SET_RESULTS */;
/*!40101 SET COLLATION_CONNECTION=@OLD_COLLATION_CONNECTION */;
